/*
Navicat MySQL Data Transfer

Source Server         : jsjxyxt
Source Server Version : 50724
Source Host           : localhost:3306
Source Database       : basicinformationservice

Target Server Type    : MYSQL
Target Server Version : 50724
File Encoding         : 65001

Date: 2019-06-09 18:27:05
*/

SET FOREIGN_KEY_CHECKS=0;
-- ----------------------------
-- Table structure for `class`
-- ----------------------------
DROP TABLE IF EXISTS `class`;
CREATE TABLE `class` (
  `c_id` varchar(20) NOT NULL DEFAULT '' COMMENT '班级编号',
  `c_name` varchar(20) DEFAULT NULL COMMENT '班级名称',
  `spec_id` char(10) NOT NULL DEFAULT '' COMMENT '专业编号',
  `t_id` varchar(20) NOT NULL DEFAULT '' COMMENT '教师编号',
  `startyear` char(10) DEFAULT NULL COMMENT '开学年份',
  `endyear` char(10) DEFAULT NULL COMMENT '毕业年份',
  PRIMARY KEY (`c_id`),
  KEY `t_id` (`t_id`),
  KEY `spec_id` (`spec_id`),
  CONSTRAINT `class_speciality` FOREIGN KEY (`spec_id`) REFERENCES `speciality` (`spec_id`),
  CONSTRAINT `class_teacher` FOREIGN KEY (`t_id`) REFERENCES `teacher` (`t_id`)
) ENGINE=InnoDB DEFAULT CHARSET=utf8 COMMENT='班级';

-- ----------------------------
-- Records of class
-- ----------------------------
INSERT INTO `class` VALUES ('网络161', '网络161', '103', '110071', '2016', '2020');
INSERT INTO `class` VALUES ('网络162', '网络162', '103', '110072', '2016', '2020');
INSERT INTO `class` VALUES ('网络163', '网络163', '103', '110073', '2016', '2020');
INSERT INTO `class` VALUES ('计科161', '计科161', '102', '110061', '2016', '2020');
INSERT INTO `class` VALUES ('计科162', '计科162', '102', '110062', '2016', '2020');
INSERT INTO `class` VALUES ('计科163', '计科163', '102', '110063', '2016', '2020');
INSERT INTO `class` VALUES ('软件161', '软件161', '101', '110041', '2016', '2020');
INSERT INTO `class` VALUES ('软件162', '软件162', '101', '110042', '2016', '2020');
INSERT INTO `class` VALUES ('软件163', '软件163', '101', '110043', '2016', '2020');
INSERT INTO `class` VALUES ('软测161', '软测161', '101', '110051', '2016', '2020');
INSERT INTO `class` VALUES ('软测162', '软测162', '101', '110052', '2016', '2020');
INSERT INTO `class` VALUES ('软测163', '软测163', '101', '110053', '2016', '2020');

-- ----------------------------
-- Table structure for `speciality`
-- ----------------------------
DROP TABLE IF EXISTS `speciality`;
CREATE TABLE `speciality` (
  `spec_id` varchar(20) NOT NULL DEFAULT '' COMMENT '专业编号',
  `spec_name` varchar(20) NOT NULL DEFAULT '' COMMENT '专业名称',
  `t_id` varchar(20) NOT NULL DEFAULT '' COMMENT '专业负责人',
  PRIMARY KEY (`spec_id`),
  KEY `t_id` (`t_id`),
  CONSTRAINT `speciality_teacher` FOREIGN KEY (`t_id`) REFERENCES `teacher` (`t_id`)
) ENGINE=InnoDB DEFAULT CHARSET=utf8;

-- ----------------------------
-- Records of speciality
-- ----------------------------
INSERT INTO `speciality` VALUES ('101', '软件工程', '110086');
INSERT INTO `speciality` VALUES ('102', '计算机科学与技术', '110087');
INSERT INTO `speciality` VALUES ('103', '网络工程', '110088');

-- ----------------------------
-- Table structure for `student`
-- ----------------------------
DROP TABLE IF EXISTS `student`;
CREATE TABLE `student` (
  `s_id` varchar(20) NOT NULL DEFAULT '',
  `s_name` varchar(20) DEFAULT NULL,
  `s_sex` varchar(20) DEFAULT NULL,
  `s_identitycard` varchar(30) DEFAULT NULL COMMENT '身份证号',
  `s_email` varchar(30) DEFAULT NULL,
  `s_phone` varchar(20) DEFAULT NULL,
  `s_address` varchar(50) DEFAULT NULL,
  `s_remark` varchar(50) DEFAULT NULL,
  `c_id` varchar(20) NOT NULL DEFAULT '' COMMENT '班级id',
  `spec_id` varchar(20) NOT NULL DEFAULT '' COMMENT '专业编号',
  PRIMARY KEY (`s_id`),
  KEY `c_id` (`c_id`),
  CONSTRAINT `student_class` FOREIGN KEY (`c_id`) REFERENCES `class` (`c_id`)
) ENGINE=InnoDB DEFAULT CHARSET=utf8;

-- ----------------------------
-- Records of student
-- ----------------------------
INSERT INTO `student` VALUES ('201611104001', '软件1-01', '男', '450000*****', '13123@qq.com', '17800000101', '北京', '备注', '软件161', '101');
INSERT INTO `student` VALUES ('201611104002', '软件1-02', '男', '450000*****', '13123@qq.com', '17800000102', '北京', '备注', '软件161', '101');
INSERT INTO `student` VALUES ('201611104003', '软件1-03', '男', '450000*****', '13123@qq.com', '17800000103', '北京', '备注', '软件161', '101');
INSERT INTO `student` VALUES ('201611104004', '软件1-04', '男', '450000*****', '13123@qq.com', '17800000104', '北京', '备注', '软件161', '101');
INSERT INTO `student` VALUES ('201611104005', '软件1-05', '男', '450000*****', '13123@qq.com', '17800000105', '北京', '备注', '软件161', '101');
INSERT INTO `student` VALUES ('201611104006', '软件1-06', '男', '450000*****', '13123@qq.com', '17800000106', '北京', '备注', '软件161', '101');
INSERT INTO `student` VALUES ('201611104007', '软件1-07', '男', '450000*****', '13123@qq.com', '17800000107', '北京', '备注', '软件161', '101');
INSERT INTO `student` VALUES ('201611104008', '软件1-08', '男', '450000*****', '13123@qq.com', '17800000108', '北京', '备注', '软件161', '101');
INSERT INTO `student` VALUES ('201611104009', '软件1-09', '男', '450000*****', '13123@qq.com', '17800000109', '北京', '备注', '软件161', '101');
INSERT INTO `student` VALUES ('201611104010', '软件1-10', '男', '450000*****', '13123@qq.com', '17800000110', '北京', '备注', '软件161', '101');
INSERT INTO `student` VALUES ('201611104011', '软件1-11', '男', '450000*****', '13123@qq.com', '17800000111', '北京', '备注', '软件161', '101');
INSERT INTO `student` VALUES ('201611104012', '软件1-12', '男', '450000*****', '13123@qq.com', '17800000112', '北京', '备注', '软件161', '101');
INSERT INTO `student` VALUES ('201611104013', '软件1-13', '男', '450000*****', '13123@qq.com', '17800000113', '北京', '备注', '软件161', '101');
INSERT INTO `student` VALUES ('201611104014', '软件1-14', '男', '450000*****', '13123@qq.com', '17800000114', '北京', '备注', '软件161', '101');
INSERT INTO `student` VALUES ('201611104015', '软件1-15', '男', '450000*****', '13123@qq.com', '17800000115', '北京', '备注', '软件161', '101');
INSERT INTO `student` VALUES ('201611104016', '软件1-16', '男', '450000*****', '13123@qq.com', '17800000116', '北京', '备注', '软件161', '101');
INSERT INTO `student` VALUES ('201611104017', '软件1-17', '男', '450000*****', '13123@qq.com', '17800000117', '北京', '备注', '软件161', '101');
INSERT INTO `student` VALUES ('201611104018', '软件1-18', '男', '450000*****', '13123@qq.com', '17800000118', '北京', '备注', '软件161', '101');
INSERT INTO `student` VALUES ('201611104019', '软件1-19', '男', '450000*****', '13123@qq.com', '17800000119', '北京', '备注', '软件161', '101');
INSERT INTO `student` VALUES ('201611104020', '软件1-20', '男', '450000*****', '13123@qq.com', '17800000120', '北京', '备注', '软件161', '101');
INSERT INTO `student` VALUES ('201611104021', '软件1-21', '男', '450000*****', '13123@qq.com', '17800000121', '北京', '备注', '软件161', '101');
INSERT INTO `student` VALUES ('201611104022', '软件1-22', '男', '450000*****', '13123@qq.com', '17800000122', '北京', '备注', '软件161', '101');
INSERT INTO `student` VALUES ('201611104023', '软件1-23', '男', '450000*****', '13123@qq.com', '17800000123', '北京', '备注', '软件161', '101');
INSERT INTO `student` VALUES ('201611104024', '软件1-24', '男', '450000*****', '13123@qq.com', '17800000124', '北京', '备注', '软件161', '101');
INSERT INTO `student` VALUES ('201611104025', '软件1-25', '男', '450000*****', '13123@qq.com', '17800000125', '北京', '备注', '软件161', '101');
INSERT INTO `student` VALUES ('201611104026', '软件1-26', '男', '450000*****', '13123@qq.com', '17800000126', '北京', '备注', '软件161', '101');
INSERT INTO `student` VALUES ('201611104027', '软件1-27', '男', '450000*****', '13123@qq.com', '17800000127', '北京', '备注', '软件161', '101');
INSERT INTO `student` VALUES ('201611104028', '软件1-28', '男', '450000*****', '13123@qq.com', '17800000128', '北京', '备注', '软件161', '101');
INSERT INTO `student` VALUES ('201611104029', '软件1-29', '男', '450000*****', '13123@qq.com', '17800000129', '北京', '备注', '软件161', '101');
INSERT INTO `student` VALUES ('201611104030', '软件1-30', '男', '450000*****', '13123@qq.com', '17800000130', '北京', '备注', '软件161', '101');
INSERT INTO `student` VALUES ('201611104031', '软件2-01', '男', '450000*****', '13123@qq.com', '17800000201', '北京', '备注', '软件162', '101');
INSERT INTO `student` VALUES ('201611104032', '软件2-02', '男', '450000*****', '13123@qq.com', '17800000202', '北京', '备注', '软件162', '101');
INSERT INTO `student` VALUES ('201611104033', '软件2-03', '男', '450000*****', '13123@qq.com', '17800000203', '北京', '备注', '软件162', '101');
INSERT INTO `student` VALUES ('201611104034', '软件2-04', '男', '450000*****', '13123@qq.com', '17800000204', '北京', '备注', '软件162', '101');
INSERT INTO `student` VALUES ('201611104035', '软件2-05', '男', '450000*****', '13123@qq.com', '17800000205', '北京', '备注', '软件162', '101');
INSERT INTO `student` VALUES ('201611104036', '软件2-06', '男', '450000*****', '13123@qq.com', '17800000206', '北京', '备注', '软件162', '101');
INSERT INTO `student` VALUES ('201611104037', '软件2-07', '男', '450000*****', '13123@qq.com', '17800000207', '北京', '备注', '软件162', '101');
INSERT INTO `student` VALUES ('201611104038', '软件2-08', '男', '450000*****', '13123@qq.com', '17800000208', '北京', '备注', '软件162', '101');
INSERT INTO `student` VALUES ('201611104039', '软件2-09', '男', '450000*****', '13123@qq.com', '17800000209', '北京', '备注', '软件162', '101');
INSERT INTO `student` VALUES ('201611104040', '软件2-10', '男', '450000*****', '13123@qq.com', '17800000210', '北京', '备注', '软件162', '101');
INSERT INTO `student` VALUES ('201611104041', '软件2-11', '男', '450000*****', '13123@qq.com', '17800000211', '北京', '备注', '软件162', '101');
INSERT INTO `student` VALUES ('201611104042', '软件2-12', '男', '450000*****', '13123@qq.com', '17800000212', '北京', '备注', '软件162', '101');
INSERT INTO `student` VALUES ('201611104043', '软件2-13', '男', '450000*****', '13123@qq.com', '17800000213', '北京', '备注', '软件162', '101');
INSERT INTO `student` VALUES ('201611104044', '软件2-14', '男', '450000*****', '13123@qq.com', '17800000214', '北京', '备注', '软件162', '101');
INSERT INTO `student` VALUES ('201611104045', '软件2-15', '男', '450000*****', '13123@qq.com', '17800000215', '北京', '备注', '软件162', '101');
INSERT INTO `student` VALUES ('201611104046', '软件2-16', '男', '450000*****', '13123@qq.com', '17800000216', '北京', '备注', '软件162', '101');
INSERT INTO `student` VALUES ('201611104047', '软件2-17', '男', '450000*****', '13123@qq.com', '17800000217', '北京', '备注', '软件162', '101');
INSERT INTO `student` VALUES ('201611104048', '软件2-18', '男', '450000*****', '13123@qq.com', '17800000218', '北京', '备注', '软件162', '101');
INSERT INTO `student` VALUES ('201611104049', '软件2-19', '男', '450000*****', '13123@qq.com', '17800000219', '北京', '备注', '软件162', '101');
INSERT INTO `student` VALUES ('201611104050', '软件2-20', '男', '450000*****', '13123@qq.com', '17800000220', '北京', '备注', '软件162', '101');
INSERT INTO `student` VALUES ('201611104051', '软件2-21', '男', '450000*****', '13123@qq.com', '17800000221', '北京', '备注', '软件162', '101');
INSERT INTO `student` VALUES ('201611104052', '软件2-22', '男', '450000*****', '13123@qq.com', '17800000222', '北京', '备注', '软件162', '101');
INSERT INTO `student` VALUES ('201611104053', '软件2-23', '男', '450000*****', '13123@qq.com', '17800000223', '北京', '备注', '软件162', '101');
INSERT INTO `student` VALUES ('201611104054', '软件2-24', '男', '450000*****', '13123@qq.com', '17800000224', '北京', '备注', '软件162', '101');
INSERT INTO `student` VALUES ('201611104055', '软件2-25', '男', '450000*****', '13123@qq.com', '17800000225', '北京', '备注', '软件162', '101');
INSERT INTO `student` VALUES ('201611104056', '软件2-26', '男', '450000*****', '13123@qq.com', '17800000226', '北京', '备注', '软件162', '101');
INSERT INTO `student` VALUES ('201611104057', '软件2-27', '男', '450000*****', '13123@qq.com', '17800000227', '北京', '备注', '软件162', '101');
INSERT INTO `student` VALUES ('201611104058', '软件2-28', '男', '450000*****', '13123@qq.com', '17800000228', '北京', '备注', '软件162', '101');
INSERT INTO `student` VALUES ('201611104059', '软件2-29', '男', '450000*****', '13123@qq.com', '17800000229', '北京', '备注', '软件162', '101');
INSERT INTO `student` VALUES ('201611104060', '软件2-30', '男', '450000*****', '13123@qq.com', '17800000230', '北京', '备注', '软件162', '101');
INSERT INTO `student` VALUES ('201611104061', '软件3-01', '男', '450000*****', '13123@qq.com', '17800000301', '北京', '备注', '软件163', '101');
INSERT INTO `student` VALUES ('201611104062', '软件3-02', '男', '450000*****', '13123@qq.com', '17800000302', '北京', '备注', '软件163', '101');
INSERT INTO `student` VALUES ('201611104063', '软件3-03', '男', '450000*****', '13123@qq.com', '17800000303', '北京', '备注', '软件163', '101');
INSERT INTO `student` VALUES ('201611104064', '软件3-04', '男', '450000*****', '13123@qq.com', '17800000304', '北京', '备注', '软件163', '101');
INSERT INTO `student` VALUES ('201611104065', '软件3-05', '男', '450000*****', '13123@qq.com', '17800000305', '北京', '备注', '软件163', '101');
INSERT INTO `student` VALUES ('201611104066', '软件3-06', '男', '450000*****', '13123@qq.com', '17800000306', '北京', '备注', '软件163', '101');
INSERT INTO `student` VALUES ('201611104067', '软件3-07', '男', '450000*****', '13123@qq.com', '17800000307', '北京', '备注', '软件163', '101');
INSERT INTO `student` VALUES ('201611104068', '软件3-08', '男', '450000*****', '13123@qq.com', '17800000308', '北京', '备注', '软件163', '101');
INSERT INTO `student` VALUES ('201611104069', '软件3-09', '男', '450000*****', '13123@qq.com', '17800000309', '北京', '备注', '软件163', '101');
INSERT INTO `student` VALUES ('201611104070', '软件3-10', '男', '450000*****', '13123@qq.com', '17800000310', '北京', '备注', '软件163', '101');
INSERT INTO `student` VALUES ('201611104071', '软件3-11', '男', '450000*****', '13123@qq.com', '17800000311', '北京', '备注', '软件163', '101');
INSERT INTO `student` VALUES ('201611104072', '软件3-12', '男', '450000*****', '13123@qq.com', '17800000312', '北京', '备注', '软件163', '101');
INSERT INTO `student` VALUES ('201611104073', '软件3-13', '男', '450000*****', '13123@qq.com', '17800000313', '北京', '备注', '软件163', '101');
INSERT INTO `student` VALUES ('201611104074', '软件3-14', '男', '450000*****', '13123@qq.com', '17800000314', '北京', '备注', '软件163', '101');
INSERT INTO `student` VALUES ('201611104075', '软件3-15', '男', '450000*****', '13123@qq.com', '17800000315', '北京', '备注', '软件163', '101');
INSERT INTO `student` VALUES ('201611104076', '软件3-16', '男', '450000*****', '13123@qq.com', '17800000316', '北京', '备注', '软件163', '101');
INSERT INTO `student` VALUES ('201611104077', '软件3-17', '男', '450000*****', '13123@qq.com', '17800000317', '北京', '备注', '软件163', '101');
INSERT INTO `student` VALUES ('201611104078', '软件3-18', '男', '450000*****', '13123@qq.com', '17800000318', '北京', '备注', '软件163', '101');
INSERT INTO `student` VALUES ('201611104079', '软件3-19', '男', '450000*****', '13123@qq.com', '17800000319', '北京', '备注', '软件163', '101');
INSERT INTO `student` VALUES ('201611104080', '软件3-20', '男', '450000*****', '13123@qq.com', '17800000320', '北京', '备注', '软件163', '101');
INSERT INTO `student` VALUES ('201611104081', '软件3-21', '男', '450000*****', '13123@qq.com', '17800000321', '北京', '备注', '软件163', '101');
INSERT INTO `student` VALUES ('201611104082', '软件3-22', '男', '450000*****', '13123@qq.com', '17800000322', '北京', '备注', '软件163', '101');
INSERT INTO `student` VALUES ('201611104083', '软件3-23', '男', '450000*****', '13123@qq.com', '17800000323', '北京', '备注', '软件163', '101');
INSERT INTO `student` VALUES ('201611104084', '软件3-24', '男', '450000*****', '13123@qq.com', '17800000324', '北京', '备注', '软件163', '101');
INSERT INTO `student` VALUES ('201611104085', '软件3-25', '男', '450000*****', '13123@qq.com', '17800000325', '北京', '备注', '软件163', '101');
INSERT INTO `student` VALUES ('201611104086', '软件3-26', '男', '450000*****', '13123@qq.com', '17800000326', '北京', '备注', '软件163', '101');
INSERT INTO `student` VALUES ('201611104087', '软件3-27', '男', '450000*****', '13123@qq.com', '17800000327', '北京', '备注', '软件163', '101');
INSERT INTO `student` VALUES ('201611104088', '软件3-28', '男', '450000*****', '13123@qq.com', '17800000328', '北京', '备注', '软件163', '101');
INSERT INTO `student` VALUES ('201611104089', '软件3-29', '男', '450000*****', '13123@qq.com', '17800000329', '北京', '备注', '软件163', '101');
INSERT INTO `student` VALUES ('201611104090', '软件3-30', '男', '450000*****', '13123@qq.com', '17800000330', '北京', '备注', '软件163', '101');
INSERT INTO `student` VALUES ('201611105001', '软测1-01', '男', '450000*****', '13123@qq.com', '17800001101', '北京', '备注', '软测161', '101');
INSERT INTO `student` VALUES ('201611105002', '软测1-02', '男', '450000*****', '13123@qq.com', '17800001102', '北京', '备注', '软测161', '101');
INSERT INTO `student` VALUES ('201611105003', '软测1-03', '男', '450000*****', '13123@qq.com', '17800001103', '北京', '备注', '软测161', '101');
INSERT INTO `student` VALUES ('201611105004', '软测1-04', '男', '450000*****', '13123@qq.com', '17800001104', '北京', '备注', '软测161', '101');
INSERT INTO `student` VALUES ('201611105005', '软测1-05', '男', '450000*****', '13123@qq.com', '17800001105', '北京', '备注', '软测161', '101');
INSERT INTO `student` VALUES ('201611105006', '软测1-06', '男', '450000*****', '13123@qq.com', '17800001106', '北京', '备注', '软测161', '101');
INSERT INTO `student` VALUES ('201611105007', '软测1-07', '男', '450000*****', '13123@qq.com', '17800001107', '北京', '备注', '软测161', '101');
INSERT INTO `student` VALUES ('201611105008', '软测1-08', '男', '450000*****', '13123@qq.com', '17800001108', '北京', '备注', '软测161', '101');
INSERT INTO `student` VALUES ('201611105009', '软测1-09', '男', '450000*****', '13123@qq.com', '17800001109', '北京', '备注', '软测161', '101');
INSERT INTO `student` VALUES ('201611105010', '软测1-10', '男', '450000*****', '13123@qq.com', '17800001110', '北京', '备注', '软测161', '101');
INSERT INTO `student` VALUES ('201611105011', '软测1-11', '男', '450000*****', '13123@qq.com', '17800001111', '北京', '备注', '软测161', '101');
INSERT INTO `student` VALUES ('201611105012', '软测1-12', '男', '450000*****', '13123@qq.com', '17800001112', '北京', '备注', '软测161', '101');
INSERT INTO `student` VALUES ('201611105013', '软测1-13', '男', '450000*****', '13123@qq.com', '17800001113', '北京', '备注', '软测161', '101');
INSERT INTO `student` VALUES ('201611105014', '软测1-14', '男', '450000*****', '13123@qq.com', '17800001114', '北京', '备注', '软测161', '101');
INSERT INTO `student` VALUES ('201611105015', '软测1-15', '男', '450000*****', '13123@qq.com', '17800001115', '北京', '备注', '软测161', '101');
INSERT INTO `student` VALUES ('201611105016', '软测1-16', '男', '450000*****', '13123@qq.com', '17800001116', '北京', '备注', '软测161', '101');
INSERT INTO `student` VALUES ('201611105017', '软测1-17', '男', '450000*****', '13123@qq.com', '17800001117', '北京', '备注', '软测161', '101');
INSERT INTO `student` VALUES ('201611105018', '软测1-18', '男', '450000*****', '13123@qq.com', '17800001118', '北京', '备注', '软测161', '101');
INSERT INTO `student` VALUES ('201611105019', '软测1-19', '男', '450000*****', '13123@qq.com', '17800001119', '北京', '备注', '软测161', '101');
INSERT INTO `student` VALUES ('201611105020', '软测1-20', '男', '450000*****', '13123@qq.com', '17800001120', '北京', '备注', '软测161', '101');
INSERT INTO `student` VALUES ('201611105021', '软测1-21', '男', '450000*****', '13123@qq.com', '17800001121', '北京', '备注', '软测161', '101');
INSERT INTO `student` VALUES ('201611105022', '软测1-22', '男', '450000*****', '13123@qq.com', '17800001122', '北京', '备注', '软测161', '101');
INSERT INTO `student` VALUES ('201611105023', '软测1-23', '男', '450000*****', '13123@qq.com', '17800001123', '北京', '备注', '软测161', '101');
INSERT INTO `student` VALUES ('201611105024', '软测1-24', '男', '450000*****', '13123@qq.com', '17800001124', '北京', '备注', '软测161', '101');
INSERT INTO `student` VALUES ('201611105025', '软测1-25', '男', '450000*****', '13123@qq.com', '17800001125', '北京', '备注', '软测161', '101');
INSERT INTO `student` VALUES ('201611105026', '软测1-26', '男', '450000*****', '13123@qq.com', '17800001126', '北京', '备注', '软测161', '101');
INSERT INTO `student` VALUES ('201611105027', '软测1-27', '男', '450000*****', '13123@qq.com', '17800001127', '北京', '备注', '软测161', '101');
INSERT INTO `student` VALUES ('201611105028', '软测1-28', '男', '450000*****', '13123@qq.com', '17800001128', '北京', '备注', '软测161', '101');
INSERT INTO `student` VALUES ('201611105029', '软测1-29', '男', '450000*****', '13123@qq.com', '17800001129', '北京', '备注', '软测161', '101');
INSERT INTO `student` VALUES ('201611105030', '软测1-30', '男', '450000*****', '13123@qq.com', '17800001130', '北京', '备注', '软测161', '101');
INSERT INTO `student` VALUES ('201611105031', '软测2-01', '男', '450000*****', '13123@qq.com', '17800001201', '北京', '备注', '软测162', '101');
INSERT INTO `student` VALUES ('201611105032', '软测2-02', '男', '450000*****', '13123@qq.com', '17800001202', '北京', '备注', '软测162', '101');
INSERT INTO `student` VALUES ('201611105033', '软测2-03', '男', '450000*****', '13123@qq.com', '17800001203', '北京', '备注', '软测162', '101');
INSERT INTO `student` VALUES ('201611105034', '软测2-04', '男', '450000*****', '13123@qq.com', '17800001204', '北京', '备注', '软测162', '101');
INSERT INTO `student` VALUES ('201611105035', '软测2-05', '男', '450000*****', '13123@qq.com', '17800001205', '北京', '备注', '软测162', '101');
INSERT INTO `student` VALUES ('201611105036', '软测2-06', '男', '450000*****', '13123@qq.com', '17800001206', '北京', '备注', '软测162', '101');
INSERT INTO `student` VALUES ('201611105037', '软测2-07', '男', '450000*****', '13123@qq.com', '17800001207', '北京', '备注', '软测162', '101');
INSERT INTO `student` VALUES ('201611105038', '软测2-08', '男', '450000*****', '13123@qq.com', '17800001208', '北京', '备注', '软测162', '101');
INSERT INTO `student` VALUES ('201611105039', '软测2-09', '男', '450000*****', '13123@qq.com', '17800001209', '北京', '备注', '软测162', '101');
INSERT INTO `student` VALUES ('201611105040', '软测2-10', '男', '450000*****', '13123@qq.com', '17800001210', '北京', '备注', '软测162', '101');
INSERT INTO `student` VALUES ('201611105041', '软测2-11', '男', '450000*****', '13123@qq.com', '17800001211', '北京', '备注', '软测162', '101');
INSERT INTO `student` VALUES ('201611105042', '软测2-12', '男', '450000*****', '13123@qq.com', '17800001212', '北京', '备注', '软测162', '101');
INSERT INTO `student` VALUES ('201611105043', '软测2-13', '男', '450000*****', '13123@qq.com', '17800001213', '北京', '备注', '软测162', '101');
INSERT INTO `student` VALUES ('201611105044', '软测2-14', '男', '450000*****', '13123@qq.com', '17800001214', '北京', '备注', '软测162', '101');
INSERT INTO `student` VALUES ('201611105045', '软测2-15', '男', '450000*****', '13123@qq.com', '17800001215', '北京', '备注', '软测162', '101');
INSERT INTO `student` VALUES ('201611105046', '软测2-16', '男', '450000*****', '13123@qq.com', '17800001216', '北京', '备注', '软测162', '101');
INSERT INTO `student` VALUES ('201611105047', '软测2-17', '男', '450000*****', '13123@qq.com', '17800001217', '北京', '备注', '软测162', '101');
INSERT INTO `student` VALUES ('201611105048', '软测2-18', '男', '450000*****', '13123@qq.com', '17800001218', '北京', '备注', '软测162', '101');
INSERT INTO `student` VALUES ('201611105049', '软测2-19', '男', '450000*****', '13123@qq.com', '17800001219', '北京', '备注', '软测162', '101');
INSERT INTO `student` VALUES ('201611105050', '软测2-20', '男', '450000*****', '13123@qq.com', '17800001220', '北京', '备注', '软测162', '101');
INSERT INTO `student` VALUES ('201611105051', '软测2-21', '男', '450000*****', '13123@qq.com', '17800001221', '北京', '备注', '软测162', '101');
INSERT INTO `student` VALUES ('201611105052', '软测2-22', '男', '450000*****', '13123@qq.com', '17800001222', '北京', '备注', '软测162', '101');
INSERT INTO `student` VALUES ('201611105053', '软测2-23', '男', '450000*****', '13123@qq.com', '17800001223', '北京', '备注', '软测162', '101');
INSERT INTO `student` VALUES ('201611105054', '软测2-24', '男', '450000*****', '13123@qq.com', '17800001224', '北京', '备注', '软测162', '101');
INSERT INTO `student` VALUES ('201611105055', '软测2-25', '男', '450000*****', '13123@qq.com', '17800001225', '北京', '备注', '软测162', '101');
INSERT INTO `student` VALUES ('201611105056', '软测2-26', '男', '450000*****', '13123@qq.com', '17800001226', '北京', '备注', '软测162', '101');
INSERT INTO `student` VALUES ('201611105057', '软测2-27', '男', '450000*****', '13123@qq.com', '17800001227', '北京', '备注', '软测162', '101');
INSERT INTO `student` VALUES ('201611105058', '软测2-28', '男', '450000*****', '13123@qq.com', '17800001228', '北京', '备注', '软测162', '101');
INSERT INTO `student` VALUES ('201611105059', '软测2-29', '男', '450000*****', '13123@qq.com', '17800001229', '北京', '备注', '软测162', '101');
INSERT INTO `student` VALUES ('201611105060', '软测2-30', '男', '450000*****', '13123@qq.com', '17800001230', '北京', '备注', '软测162', '101');
INSERT INTO `student` VALUES ('201611105061', '软测3-01', '男', '450000*****', '13123@qq.com', '17800001301', '北京', '备注', '软测163', '101');
INSERT INTO `student` VALUES ('201611105062', '软测3-02', '男', '450000*****', '13123@qq.com', '17800001302', '北京', '备注', '软测163', '101');
INSERT INTO `student` VALUES ('201611105063', '软测3-03', '男', '450000*****', '13123@qq.com', '17800001303', '北京', '备注', '软测163', '101');
INSERT INTO `student` VALUES ('201611105064', '软测3-04', '男', '450000*****', '13123@qq.com', '17800001304', '北京', '备注', '软测163', '101');
INSERT INTO `student` VALUES ('201611105065', '软测3-05', '男', '450000*****', '13123@qq.com', '17800001305', '北京', '备注', '软测163', '101');
INSERT INTO `student` VALUES ('201611105066', '软测3-06', '男', '450000*****', '13123@qq.com', '17800001306', '北京', '备注', '软测163', '101');
INSERT INTO `student` VALUES ('201611105067', '软测3-07', '男', '450000*****', '13123@qq.com', '17800001307', '北京', '备注', '软测163', '101');
INSERT INTO `student` VALUES ('201611105068', '软测3-08', '男', '450000*****', '13123@qq.com', '17800001308', '北京', '备注', '软测163', '101');
INSERT INTO `student` VALUES ('201611105069', '软测3-09', '男', '450000*****', '13123@qq.com', '17800001309', '北京', '备注', '软测163', '101');
INSERT INTO `student` VALUES ('201611105070', '软测3-10', '男', '450000*****', '13123@qq.com', '17800001310', '北京', '备注', '软测163', '101');
INSERT INTO `student` VALUES ('201611105071', '软测3-11', '男', '450000*****', '13123@qq.com', '17800001311', '北京', '备注', '软测163', '101');
INSERT INTO `student` VALUES ('201611105072', '软测3-12', '男', '450000*****', '13123@qq.com', '17800001312', '北京', '备注', '软测163', '101');
INSERT INTO `student` VALUES ('201611105073', '软测3-13', '男', '450000*****', '13123@qq.com', '17800001313', '北京', '备注', '软测163', '101');
INSERT INTO `student` VALUES ('201611105074', '软测3-14', '男', '450000*****', '13123@qq.com', '17800001314', '北京', '备注', '软测163', '101');
INSERT INTO `student` VALUES ('201611105075', '软测3-15', '男', '450000*****', '13123@qq.com', '17800001315', '北京', '备注', '软测163', '101');
INSERT INTO `student` VALUES ('201611105076', '软测3-16', '男', '450000*****', '13123@qq.com', '17800001316', '北京', '备注', '软测163', '101');
INSERT INTO `student` VALUES ('201611105077', '软测3-17', '男', '450000*****', '13123@qq.com', '17800001317', '北京', '备注', '软测163', '101');
INSERT INTO `student` VALUES ('201611105078', '软测3-18', '男', '450000*****', '13123@qq.com', '17800001318', '北京', '备注', '软测163', '101');
INSERT INTO `student` VALUES ('201611105079', '软测3-19', '男', '450000*****', '13123@qq.com', '17800001319', '北京', '备注', '软测163', '101');
INSERT INTO `student` VALUES ('201611105080', '软测3-20', '男', '450000*****', '13123@qq.com', '17800001320', '北京', '备注', '软测163', '101');
INSERT INTO `student` VALUES ('201611105081', '软测3-21', '男', '450000*****', '13123@qq.com', '17800001321', '北京', '备注', '软测163', '101');
INSERT INTO `student` VALUES ('201611105082', '软测3-22', '男', '450000*****', '13123@qq.com', '17800001322', '北京', '备注', '软测163', '101');
INSERT INTO `student` VALUES ('201611105083', '软测3-23', '男', '450000*****', '13123@qq.com', '17800001323', '北京', '备注', '软测163', '101');
INSERT INTO `student` VALUES ('201611105084', '软测3-24', '男', '450000*****', '13123@qq.com', '17800001324', '北京', '备注', '软测163', '101');
INSERT INTO `student` VALUES ('201611105085', '软测3-25', '男', '450000*****', '13123@qq.com', '17800001325', '北京', '备注', '软测163', '101');
INSERT INTO `student` VALUES ('201611105086', '软测3-26', '男', '450000*****', '13123@qq.com', '17800001326', '北京', '备注', '软测163', '101');
INSERT INTO `student` VALUES ('201611105087', '软测3-27', '男', '450000*****', '13123@qq.com', '17800001327', '北京', '备注', '软测163', '101');
INSERT INTO `student` VALUES ('201611105088', '软测3-28', '男', '450000*****', '13123@qq.com', '17800001328', '北京', '备注', '软测163', '101');
INSERT INTO `student` VALUES ('201611105089', '软测3-29', '男', '450000*****', '13123@qq.com', '17800001329', '北京', '备注', '软测163', '101');
INSERT INTO `student` VALUES ('201611105090', '软测3-30', '男', '450000*****', '13123@qq.com', '17800001330', '北京', '备注', '软测163', '101');
INSERT INTO `student` VALUES ('201611106001', '计科1-01', '男', '450000*****', '13123@qq.com', '17800002101', '北京', '备注', '计科161', '102');
INSERT INTO `student` VALUES ('201611106002', '计科1-02', '男', '450000*****', '13123@qq.com', '17800002102', '北京', '备注', '计科161', '102');
INSERT INTO `student` VALUES ('201611106003', '计科1-03', '男', '450000*****', '13123@qq.com', '17800002103', '北京', '备注', '计科161', '102');
INSERT INTO `student` VALUES ('201611106004', '计科1-04', '男', '450000*****', '13123@qq.com', '17800002104', '北京', '备注', '计科161', '102');
INSERT INTO `student` VALUES ('201611106005', '计科1-05', '男', '450000*****', '13123@qq.com', '17800002105', '北京', '备注', '计科161', '102');
INSERT INTO `student` VALUES ('201611106006', '计科1-06', '男', '450000*****', '13123@qq.com', '17800002106', '北京', '备注', '计科161', '102');
INSERT INTO `student` VALUES ('201611106007', '计科1-07', '男', '450000*****', '13123@qq.com', '17800002107', '北京', '备注', '计科161', '102');
INSERT INTO `student` VALUES ('201611106008', '计科1-08', '男', '450000*****', '13123@qq.com', '17800002108', '北京', '备注', '计科161', '102');
INSERT INTO `student` VALUES ('201611106009', '计科1-09', '男', '450000*****', '13123@qq.com', '17800002109', '北京', '备注', '计科161', '102');
INSERT INTO `student` VALUES ('201611106010', '计科1-10', '男', '450000*****', '13123@qq.com', '17800002110', '北京', '备注', '计科161', '102');
INSERT INTO `student` VALUES ('201611106011', '计科1-11', '男', '450000*****', '13123@qq.com', '17800002111', '北京', '备注', '计科161', '102');
INSERT INTO `student` VALUES ('201611106012', '计科1-12', '男', '450000*****', '13123@qq.com', '17800002112', '北京', '备注', '计科161', '102');
INSERT INTO `student` VALUES ('201611106013', '计科1-13', '男', '450000*****', '13123@qq.com', '17800002113', '北京', '备注', '计科161', '102');
INSERT INTO `student` VALUES ('201611106014', '计科1-14', '男', '450000*****', '13123@qq.com', '17800002114', '北京', '备注', '计科161', '102');
INSERT INTO `student` VALUES ('201611106015', '计科1-15', '男', '450000*****', '13123@qq.com', '17800002115', '北京', '备注', '计科161', '102');
INSERT INTO `student` VALUES ('201611106016', '计科1-16', '男', '450000*****', '13123@qq.com', '17800002116', '北京', '备注', '计科161', '102');
INSERT INTO `student` VALUES ('201611106017', '计科1-17', '男', '450000*****', '13123@qq.com', '17800002117', '北京', '备注', '计科161', '102');
INSERT INTO `student` VALUES ('201611106018', '计科1-18', '男', '450000*****', '13123@qq.com', '17800002118', '北京', '备注', '计科161', '102');
INSERT INTO `student` VALUES ('201611106019', '计科1-19', '男', '450000*****', '13123@qq.com', '17800002119', '北京', '备注', '计科161', '102');
INSERT INTO `student` VALUES ('201611106020', '计科1-20', '男', '450000*****', '13123@qq.com', '17800002120', '北京', '备注', '计科161', '102');
INSERT INTO `student` VALUES ('201611106021', '计科1-21', '男', '450000*****', '13123@qq.com', '17800002121', '北京', '备注', '计科161', '102');
INSERT INTO `student` VALUES ('201611106022', '计科1-22', '男', '450000*****', '13123@qq.com', '17800002122', '北京', '备注', '计科161', '102');
INSERT INTO `student` VALUES ('201611106023', '计科1-23', '男', '450000*****', '13123@qq.com', '17800002123', '北京', '备注', '计科161', '102');
INSERT INTO `student` VALUES ('201611106024', '计科1-24', '男', '450000*****', '13123@qq.com', '17800002124', '北京', '备注', '计科161', '102');
INSERT INTO `student` VALUES ('201611106025', '计科1-25', '男', '450000*****', '13123@qq.com', '17800002125', '北京', '备注', '计科161', '102');
INSERT INTO `student` VALUES ('201611106026', '计科1-26', '男', '450000*****', '13123@qq.com', '17800002126', '北京', '备注', '计科161', '102');
INSERT INTO `student` VALUES ('201611106027', '计科1-27', '男', '450000*****', '13123@qq.com', '17800002127', '北京', '备注', '计科161', '102');
INSERT INTO `student` VALUES ('201611106028', '计科1-28', '男', '450000*****', '13123@qq.com', '17800002128', '北京', '备注', '计科161', '102');
INSERT INTO `student` VALUES ('201611106029', '计科1-29', '男', '450000*****', '13123@qq.com', '17800002129', '北京', '备注', '计科161', '102');
INSERT INTO `student` VALUES ('201611106030', '计科1-30', '男', '450000*****', '13123@qq.com', '17800002130', '北京', '备注', '计科161', '102');
INSERT INTO `student` VALUES ('201611106031', '计科2-01', '男', '450000*****', '13123@qq.com', '17800002201', '北京', '备注', '计科162', '102');
INSERT INTO `student` VALUES ('201611106032', '计科2-02', '男', '450000*****', '13123@qq.com', '17800002202', '北京', '备注', '计科162', '102');
INSERT INTO `student` VALUES ('201611106033', '计科2-03', '男', '450000*****', '13123@qq.com', '17800002203', '北京', '备注', '计科162', '102');
INSERT INTO `student` VALUES ('201611106034', '计科2-04', '男', '450000*****', '13123@qq.com', '17800002204', '北京', '备注', '计科162', '102');
INSERT INTO `student` VALUES ('201611106035', '计科2-05', '男', '450000*****', '13123@qq.com', '17800002205', '北京', '备注', '计科162', '102');
INSERT INTO `student` VALUES ('201611106036', '计科2-06', '男', '450000*****', '13123@qq.com', '17800002206', '北京', '备注', '计科162', '102');
INSERT INTO `student` VALUES ('201611106037', '计科2-07', '男', '450000*****', '13123@qq.com', '17800002207', '北京', '备注', '计科162', '102');
INSERT INTO `student` VALUES ('201611106038', '计科2-08', '男', '450000*****', '13123@qq.com', '17800002208', '北京', '备注', '计科162', '102');
INSERT INTO `student` VALUES ('201611106039', '计科2-09', '男', '450000*****', '13123@qq.com', '17800002209', '北京', '备注', '计科162', '102');
INSERT INTO `student` VALUES ('201611106040', '计科2-10', '男', '450000*****', '13123@qq.com', '17800002210', '北京', '备注', '计科162', '102');
INSERT INTO `student` VALUES ('201611106041', '计科2-11', '男', '450000*****', '13123@qq.com', '17800002211', '北京', '备注', '计科162', '102');
INSERT INTO `student` VALUES ('201611106042', '计科2-12', '男', '450000*****', '13123@qq.com', '17800002212', '北京', '备注', '计科162', '102');
INSERT INTO `student` VALUES ('201611106043', '计科2-13', '男', '450000*****', '13123@qq.com', '17800002213', '北京', '备注', '计科162', '102');
INSERT INTO `student` VALUES ('201611106044', '计科2-14', '男', '450000*****', '13123@qq.com', '17800002214', '北京', '备注', '计科162', '102');
INSERT INTO `student` VALUES ('201611106045', '计科2-15', '男', '450000*****', '13123@qq.com', '17800002215', '北京', '备注', '计科162', '102');
INSERT INTO `student` VALUES ('201611106046', '计科2-16', '男', '450000*****', '13123@qq.com', '17800002216', '北京', '备注', '计科162', '102');
INSERT INTO `student` VALUES ('201611106047', '计科2-17', '男', '450000*****', '13123@qq.com', '17800002217', '北京', '备注', '计科162', '102');
INSERT INTO `student` VALUES ('201611106048', '计科2-18', '男', '450000*****', '13123@qq.com', '17800002218', '北京', '备注', '计科162', '102');
INSERT INTO `student` VALUES ('201611106049', '计科2-19', '男', '450000*****', '13123@qq.com', '17800002219', '北京', '备注', '计科162', '102');
INSERT INTO `student` VALUES ('201611106050', '计科2-20', '男', '450000*****', '13123@qq.com', '17800002220', '北京', '备注', '计科162', '102');
INSERT INTO `student` VALUES ('201611106051', '计科2-21', '男', '450000*****', '13123@qq.com', '17800002221', '北京', '备注', '计科162', '102');
INSERT INTO `student` VALUES ('201611106052', '计科2-22', '男', '450000*****', '13123@qq.com', '17800002222', '北京', '备注', '计科162', '102');
INSERT INTO `student` VALUES ('201611106053', '计科2-23', '男', '450000*****', '13123@qq.com', '17800002223', '北京', '备注', '计科162', '102');
INSERT INTO `student` VALUES ('201611106054', '计科2-24', '男', '450000*****', '13123@qq.com', '17800002224', '北京', '备注', '计科162', '102');
INSERT INTO `student` VALUES ('201611106055', '计科2-25', '男', '450000*****', '13123@qq.com', '17800002225', '北京', '备注', '计科162', '102');
INSERT INTO `student` VALUES ('201611106056', '计科2-26', '男', '450000*****', '13123@qq.com', '17800002226', '北京', '备注', '计科162', '102');
INSERT INTO `student` VALUES ('201611106057', '计科2-27', '男', '450000*****', '13123@qq.com', '17800002227', '北京', '备注', '计科162', '102');
INSERT INTO `student` VALUES ('201611106058', '计科2-28', '男', '450000*****', '13123@qq.com', '17800002228', '北京', '备注', '计科162', '102');
INSERT INTO `student` VALUES ('201611106059', '计科2-29', '男', '450000*****', '13123@qq.com', '17800002229', '北京', '备注', '计科162', '102');
INSERT INTO `student` VALUES ('201611106060', '计科2-30', '男', '450000*****', '13123@qq.com', '17800002230', '北京', '备注', '计科162', '102');
INSERT INTO `student` VALUES ('201611106061', '计科3-01', '男', '450000*****', '13123@qq.com', '17800002301', '北京', '备注', '计科163', '102');
INSERT INTO `student` VALUES ('201611106062', '计科3-02', '男', '450000*****', '13123@qq.com', '17800002302', '北京', '备注', '计科163', '102');
INSERT INTO `student` VALUES ('201611106063', '计科3-03', '男', '450000*****', '13123@qq.com', '17800002303', '北京', '备注', '计科163', '102');
INSERT INTO `student` VALUES ('201611106064', '计科3-04', '男', '450000*****', '13123@qq.com', '17800002304', '北京', '备注', '计科163', '102');
INSERT INTO `student` VALUES ('201611106065', '计科3-05', '男', '450000*****', '13123@qq.com', '17800002305', '北京', '备注', '计科163', '102');
INSERT INTO `student` VALUES ('201611106066', '计科3-06', '男', '450000*****', '13123@qq.com', '17800002306', '北京', '备注', '计科163', '102');
INSERT INTO `student` VALUES ('201611106067', '计科3-07', '男', '450000*****', '13123@qq.com', '17800002307', '北京', '备注', '计科163', '102');
INSERT INTO `student` VALUES ('201611106068', '计科3-08', '男', '450000*****', '13123@qq.com', '17800002308', '北京', '备注', '计科163', '102');
INSERT INTO `student` VALUES ('201611106069', '计科3-09', '男', '450000*****', '13123@qq.com', '17800002309', '北京', '备注', '计科163', '102');
INSERT INTO `student` VALUES ('201611106070', '计科3-10', '男', '450000*****', '13123@qq.com', '17800002310', '北京', '备注', '计科163', '102');
INSERT INTO `student` VALUES ('201611106071', '计科3-11', '男', '450000*****', '13123@qq.com', '17800002311', '北京', '备注', '计科163', '102');
INSERT INTO `student` VALUES ('201611106072', '计科3-12', '男', '450000*****', '13123@qq.com', '17800002312', '北京', '备注', '计科163', '102');
INSERT INTO `student` VALUES ('201611106073', '计科3-13', '男', '450000*****', '13123@qq.com', '17800002313', '北京', '备注', '计科163', '102');
INSERT INTO `student` VALUES ('201611106074', '计科3-14', '男', '450000*****', '13123@qq.com', '17800002314', '北京', '备注', '计科163', '102');
INSERT INTO `student` VALUES ('201611106075', '计科3-15', '男', '450000*****', '13123@qq.com', '17800002315', '北京', '备注', '计科163', '102');
INSERT INTO `student` VALUES ('201611106076', '计科3-16', '男', '450000*****', '13123@qq.com', '17800002316', '北京', '备注', '计科163', '102');
INSERT INTO `student` VALUES ('201611106077', '计科3-17', '男', '450000*****', '13123@qq.com', '17800002317', '北京', '备注', '计科163', '102');
INSERT INTO `student` VALUES ('201611106078', '计科3-18', '男', '450000*****', '13123@qq.com', '17800002318', '北京', '备注', '计科163', '102');
INSERT INTO `student` VALUES ('201611106079', '计科3-19', '男', '450000*****', '13123@qq.com', '17800002319', '北京', '备注', '计科163', '102');
INSERT INTO `student` VALUES ('201611106080', '计科3-20', '男', '450000*****', '13123@qq.com', '17800002320', '北京', '备注', '计科163', '102');
INSERT INTO `student` VALUES ('201611106081', '计科3-21', '男', '450000*****', '13123@qq.com', '17800002321', '北京', '备注', '计科163', '102');
INSERT INTO `student` VALUES ('201611106082', '计科3-22', '男', '450000*****', '13123@qq.com', '17800002322', '北京', '备注', '计科163', '102');
INSERT INTO `student` VALUES ('201611106083', '计科3-23', '男', '450000*****', '13123@qq.com', '17800002323', '北京', '备注', '计科163', '102');
INSERT INTO `student` VALUES ('201611106084', '计科3-24', '男', '450000*****', '13123@qq.com', '17800002324', '北京', '备注', '计科163', '102');
INSERT INTO `student` VALUES ('201611106085', '计科3-25', '男', '450000*****', '13123@qq.com', '17800002325', '北京', '备注', '计科163', '102');
INSERT INTO `student` VALUES ('201611106086', '计科3-26', '男', '450000*****', '13123@qq.com', '17800002326', '北京', '备注', '计科163', '102');
INSERT INTO `student` VALUES ('201611106087', '计科3-27', '男', '450000*****', '13123@qq.com', '17800002327', '北京', '备注', '计科163', '102');
INSERT INTO `student` VALUES ('201611106088', '计科3-28', '男', '450000*****', '13123@qq.com', '17800002328', '北京', '备注', '计科163', '102');
INSERT INTO `student` VALUES ('201611106089', '计科3-29', '男', '450000*****', '13123@qq.com', '17800002329', '北京', '备注', '计科163', '102');
INSERT INTO `student` VALUES ('201611106090', '计科3-30', '男', '450000*****', '13123@qq.com', '17800002330', '北京', '备注', '计科163', '102');
INSERT INTO `student` VALUES ('201611107001', '网络1-01', '男', '450000*****', '13123@qq.com', '17800003101', '北京', '备注', '网络161', '103');
INSERT INTO `student` VALUES ('201611107002', '网络1-02', '男', '450000*****', '13123@qq.com', '17800003102', '北京', '备注', '网络161', '103');
INSERT INTO `student` VALUES ('201611107003', '网络1-03', '男', '450000*****', '13123@qq.com', '17800003103', '北京', '备注', '网络161', '103');
INSERT INTO `student` VALUES ('201611107004', '网络1-04', '男', '450000*****', '13123@qq.com', '17800003104', '北京', '备注', '网络161', '103');
INSERT INTO `student` VALUES ('201611107005', '网络1-05', '男', '450000*****', '13123@qq.com', '17800003105', '北京', '备注', '网络161', '103');
INSERT INTO `student` VALUES ('201611107006', '网络1-06', '男', '450000*****', '13123@qq.com', '17800003106', '北京', '备注', '网络161', '103');
INSERT INTO `student` VALUES ('201611107007', '网络1-07', '男', '450000*****', '13123@qq.com', '17800003107', '北京', '备注', '网络161', '103');
INSERT INTO `student` VALUES ('201611107008', '网络1-08', '男', '450000*****', '13123@qq.com', '17800003108', '北京', '备注', '网络161', '103');
INSERT INTO `student` VALUES ('201611107009', '网络1-09', '男', '450000*****', '13123@qq.com', '17800003109', '北京', '备注', '网络161', '103');
INSERT INTO `student` VALUES ('201611107010', '网络1-10', '男', '450000*****', '13123@qq.com', '17800003110', '北京', '备注', '网络161', '103');
INSERT INTO `student` VALUES ('201611107011', '网络1-11', '男', '450000*****', '13123@qq.com', '17800003111', '北京', '备注', '网络161', '103');
INSERT INTO `student` VALUES ('201611107012', '网络1-12', '男', '450000*****', '13123@qq.com', '17800003112', '北京', '备注', '网络161', '103');
INSERT INTO `student` VALUES ('201611107013', '网络1-13', '男', '450000*****', '13123@qq.com', '17800003113', '北京', '备注', '网络161', '103');
INSERT INTO `student` VALUES ('201611107014', '网络1-14', '男', '450000*****', '13123@qq.com', '17800003114', '北京', '备注', '网络161', '103');
INSERT INTO `student` VALUES ('201611107015', '网络1-15', '男', '450000*****', '13123@qq.com', '17800003115', '北京', '备注', '网络161', '103');
INSERT INTO `student` VALUES ('201611107016', '网络1-16', '男', '450000*****', '13123@qq.com', '17800003116', '北京', '备注', '网络161', '103');
INSERT INTO `student` VALUES ('201611107017', '网络1-17', '男', '450000*****', '13123@qq.com', '17800003117', '北京', '备注', '网络161', '103');
INSERT INTO `student` VALUES ('201611107018', '网络1-18', '男', '450000*****', '13123@qq.com', '17800003118', '北京', '备注', '网络161', '103');
INSERT INTO `student` VALUES ('201611107019', '网络1-19', '男', '450000*****', '13123@qq.com', '17800003119', '北京', '备注', '网络161', '103');
INSERT INTO `student` VALUES ('201611107020', '网络1-20', '男', '450000*****', '13123@qq.com', '17800003120', '北京', '备注', '网络161', '103');
INSERT INTO `student` VALUES ('201611107021', '网络1-21', '男', '450000*****', '13123@qq.com', '17800003121', '北京', '备注', '网络161', '103');
INSERT INTO `student` VALUES ('201611107022', '网络1-22', '男', '450000*****', '13123@qq.com', '17800003122', '北京', '备注', '网络161', '103');
INSERT INTO `student` VALUES ('201611107023', '网络1-23', '男', '450000*****', '13123@qq.com', '17800003123', '北京', '备注', '网络161', '103');
INSERT INTO `student` VALUES ('201611107024', '网络1-24', '男', '450000*****', '13123@qq.com', '17800003124', '北京', '备注', '网络161', '103');
INSERT INTO `student` VALUES ('201611107025', '网络1-25', '男', '450000*****', '13123@qq.com', '17800003125', '北京', '备注', '网络161', '103');
INSERT INTO `student` VALUES ('201611107026', '网络1-26', '男', '450000*****', '13123@qq.com', '17800003126', '北京', '备注', '网络161', '103');
INSERT INTO `student` VALUES ('201611107027', '网络1-27', '男', '450000*****', '13123@qq.com', '17800003127', '北京', '备注', '网络161', '103');
INSERT INTO `student` VALUES ('201611107028', '网络1-28', '男', '450000*****', '13123@qq.com', '17800003128', '北京', '备注', '网络161', '103');
INSERT INTO `student` VALUES ('201611107029', '网络1-29', '男', '450000*****', '13123@qq.com', '17800003129', '北京', '备注', '网络161', '103');
INSERT INTO `student` VALUES ('201611107030', '网络1-30', '男', '450000*****', '13123@qq.com', '17800003130', '北京', '备注', '网络161', '103');
INSERT INTO `student` VALUES ('201611107031', '网络2-01', '男', '450000*****', '13123@qq.com', '17800003201', '北京', '备注', '网络162', '103');
INSERT INTO `student` VALUES ('201611107032', '网络2-02', '男', '450000*****', '13123@qq.com', '17800003202', '北京', '备注', '网络162', '103');
INSERT INTO `student` VALUES ('201611107033', '网络2-03', '男', '450000*****', '13123@qq.com', '17800003203', '北京', '备注', '网络162', '103');
INSERT INTO `student` VALUES ('201611107034', '网络2-04', '男', '450000*****', '13123@qq.com', '17800003204', '北京', '备注', '网络162', '103');
INSERT INTO `student` VALUES ('201611107035', '网络2-05', '男', '450000*****', '13123@qq.com', '17800003205', '北京', '备注', '网络162', '103');
INSERT INTO `student` VALUES ('201611107036', '网络2-06', '男', '450000*****', '13123@qq.com', '17800003206', '北京', '备注', '网络162', '103');
INSERT INTO `student` VALUES ('201611107037', '网络2-07', '男', '450000*****', '13123@qq.com', '17800003207', '北京', '备注', '网络162', '103');
INSERT INTO `student` VALUES ('201611107038', '网络2-08', '男', '450000*****', '13123@qq.com', '17800003208', '北京', '备注', '网络162', '103');
INSERT INTO `student` VALUES ('201611107039', '网络2-09', '男', '450000*****', '13123@qq.com', '17800003209', '北京', '备注', '网络162', '103');
INSERT INTO `student` VALUES ('201611107040', '网络2-10', '男', '450000*****', '13123@qq.com', '17800003210', '北京', '备注', '网络162', '103');
INSERT INTO `student` VALUES ('201611107041', '网络2-11', '男', '450000*****', '13123@qq.com', '17800003211', '北京', '备注', '网络162', '103');
INSERT INTO `student` VALUES ('201611107042', '网络2-12', '男', '450000*****', '13123@qq.com', '17800003212', '北京', '备注', '网络162', '103');
INSERT INTO `student` VALUES ('201611107043', '网络2-13', '男', '450000*****', '13123@qq.com', '17800003213', '北京', '备注', '网络162', '103');
INSERT INTO `student` VALUES ('201611107044', '网络2-14', '男', '450000*****', '13123@qq.com', '17800003214', '北京', '备注', '网络162', '103');
INSERT INTO `student` VALUES ('201611107045', '网络2-15', '男', '450000*****', '13123@qq.com', '17800003215', '北京', '备注', '网络162', '103');
INSERT INTO `student` VALUES ('201611107046', '网络2-16', '男', '450000*****', '13123@qq.com', '17800003216', '北京', '备注', '网络162', '103');
INSERT INTO `student` VALUES ('201611107047', '网络2-17', '男', '450000*****', '13123@qq.com', '17800003217', '北京', '备注', '网络162', '103');
INSERT INTO `student` VALUES ('201611107048', '网络2-18', '男', '450000*****', '13123@qq.com', '17800003218', '北京', '备注', '网络162', '103');
INSERT INTO `student` VALUES ('201611107049', '网络2-19', '男', '450000*****', '13123@qq.com', '17800003219', '北京', '备注', '网络162', '103');
INSERT INTO `student` VALUES ('201611107050', '网络2-20', '男', '450000*****', '13123@qq.com', '17800003220', '北京', '备注', '网络162', '103');
INSERT INTO `student` VALUES ('201611107051', '网络2-21', '男', '450000*****', '13123@qq.com', '17800003221', '北京', '备注', '网络162', '103');
INSERT INTO `student` VALUES ('201611107052', '网络2-22', '男', '450000*****', '13123@qq.com', '17800003222', '北京', '备注', '网络162', '103');
INSERT INTO `student` VALUES ('201611107053', '网络2-23', '男', '450000*****', '13123@qq.com', '17800003223', '北京', '备注', '网络162', '103');
INSERT INTO `student` VALUES ('201611107054', '网络2-24', '男', '450000*****', '13123@qq.com', '17800003224', '北京', '备注', '网络162', '103');
INSERT INTO `student` VALUES ('201611107055', '网络2-25', '男', '450000*****', '13123@qq.com', '17800003225', '北京', '备注', '网络162', '103');
INSERT INTO `student` VALUES ('201611107056', '网络2-26', '男', '450000*****', '13123@qq.com', '17800003226', '北京', '备注', '网络162', '103');
INSERT INTO `student` VALUES ('201611107057', '网络2-27', '男', '450000*****', '13123@qq.com', '17800003227', '北京', '备注', '网络162', '103');
INSERT INTO `student` VALUES ('201611107058', '网络2-28', '男', '450000*****', '13123@qq.com', '17800003228', '北京', '备注', '网络162', '103');
INSERT INTO `student` VALUES ('201611107059', '网络2-29', '男', '450000*****', '13123@qq.com', '17800003229', '北京', '备注', '网络162', '103');
INSERT INTO `student` VALUES ('201611107060', '网络2-30', '男', '450000*****', '13123@qq.com', '17800003230', '北京', '备注', '网络162', '103');
INSERT INTO `student` VALUES ('201611107061', '网络3-01', '男', '450000*****', '13123@qq.com', '17800003301', '北京', '备注', '网络163', '103');
INSERT INTO `student` VALUES ('201611107062', '网络3-02', '男', '450000*****', '13123@qq.com', '17800003302', '北京', '备注', '网络163', '103');
INSERT INTO `student` VALUES ('201611107063', '网络3-03', '男', '450000*****', '13123@qq.com', '17800003303', '北京', '备注', '网络163', '103');
INSERT INTO `student` VALUES ('201611107064', '网络3-04', '男', '450000*****', '13123@qq.com', '17800003304', '北京', '备注', '网络163', '103');
INSERT INTO `student` VALUES ('201611107065', '网络3-05', '男', '450000*****', '13123@qq.com', '17800003305', '北京', '备注', '网络163', '103');
INSERT INTO `student` VALUES ('201611107066', '网络3-06', '男', '450000*****', '13123@qq.com', '17800003306', '北京', '备注', '网络163', '103');
INSERT INTO `student` VALUES ('201611107067', '网络3-07', '男', '450000*****', '13123@qq.com', '17800003307', '北京', '备注', '网络163', '103');
INSERT INTO `student` VALUES ('201611107068', '网络3-08', '男', '450000*****', '13123@qq.com', '17800003308', '北京', '备注', '网络163', '103');
INSERT INTO `student` VALUES ('201611107069', '网络3-09', '男', '450000*****', '13123@qq.com', '17800003309', '北京', '备注', '网络163', '103');
INSERT INTO `student` VALUES ('201611107070', '网络3-10', '男', '450000*****', '13123@qq.com', '17800003310', '北京', '备注', '网络163', '103');
INSERT INTO `student` VALUES ('201611107071', '网络3-11', '男', '450000*****', '13123@qq.com', '17800003311', '北京', '备注', '网络163', '103');
INSERT INTO `student` VALUES ('201611107072', '网络3-12', '男', '450000*****', '13123@qq.com', '17800003312', '北京', '备注', '网络163', '103');
INSERT INTO `student` VALUES ('201611107073', '网络3-13', '男', '450000*****', '13123@qq.com', '17800003313', '北京', '备注', '网络163', '103');
INSERT INTO `student` VALUES ('201611107074', '网络3-14', '男', '450000*****', '13123@qq.com', '17800003314', '北京', '备注', '网络163', '103');
INSERT INTO `student` VALUES ('201611107075', '网络3-15', '男', '450000*****', '13123@qq.com', '17800003315', '北京', '备注', '网络163', '103');
INSERT INTO `student` VALUES ('201611107076', '网络3-16', '男', '450000*****', '13123@qq.com', '17800003316', '北京', '备注', '网络163', '103');
INSERT INTO `student` VALUES ('201611107077', '网络3-17', '男', '450000*****', '13123@qq.com', '17800003317', '北京', '备注', '网络163', '103');
INSERT INTO `student` VALUES ('201611107078', '网络3-18', '男', '450000*****', '13123@qq.com', '17800003318', '北京', '备注', '网络163', '103');
INSERT INTO `student` VALUES ('201611107079', '网络3-19', '男', '450000*****', '13123@qq.com', '17800003319', '北京', '备注', '网络163', '103');
INSERT INTO `student` VALUES ('201611107080', '网络3-20', '男', '450000*****', '13123@qq.com', '17800003320', '北京', '备注', '网络163', '103');
INSERT INTO `student` VALUES ('201611107081', '网络3-21', '男', '450000*****', '13123@qq.com', '17800003321', '北京', '备注', '网络163', '103');
INSERT INTO `student` VALUES ('201611107082', '网络3-22', '男', '450000*****', '13123@qq.com', '17800003322', '北京', '备注', '网络163', '103');
INSERT INTO `student` VALUES ('201611107083', '网络3-23', '男', '450000*****', '13123@qq.com', '17800003323', '北京', '备注', '网络163', '103');
INSERT INTO `student` VALUES ('201611107084', '网络3-24', '男', '450000*****', '13123@qq.com', '17800003324', '北京', '备注', '网络163', '103');
INSERT INTO `student` VALUES ('201611107085', '网络3-25', '男', '450000*****', '13123@qq.com', '17800003325', '北京', '备注', '网络163', '103');
INSERT INTO `student` VALUES ('201611107086', '网络3-26', '男', '450000*****', '13123@qq.com', '17800003326', '北京', '备注', '网络163', '103');
INSERT INTO `student` VALUES ('201611107087', '网络3-27', '男', '450000*****', '13123@qq.com', '17800003327', '北京', '备注', '网络163', '103');
INSERT INTO `student` VALUES ('201611107088', '网络3-28', '男', '450000*****', '13123@qq.com', '17800003328', '北京', '备注', '网络163', '103');
INSERT INTO `student` VALUES ('201611107089', '网络3-29', '男', '450000*****', '13123@qq.com', '17800003329', '北京', '备注', '网络163', '103');
INSERT INTO `student` VALUES ('201611107090', '网络3-30', '男', '450000*****', '13123@qq.com', '17800003330', '北京', '备注', '网络163', '103');

-- ----------------------------
-- Table structure for `teacher`
-- ----------------------------
DROP TABLE IF EXISTS `teacher`;
CREATE TABLE `teacher` (
  `t_id` varchar(20) NOT NULL DEFAULT '' COMMENT '教职工号',
  `t_name` varchar(20) DEFAULT NULL,
  `t_sex` varchar(20) DEFAULT NULL,
  `t_dept` varchar(20) DEFAULT NULL COMMENT '教研室',
  `t_post` varchar(20) DEFAULT NULL COMMENT '职称',
  `t_degree` varchar(20) DEFAULT NULL COMMENT '学位',
  `t_study` varchar(20) DEFAULT NULL COMMENT '研究方向',
  `t_email` varchar(30) DEFAULT NULL COMMENT '邮箱',
  `t_phone` varchar(20) DEFAULT NULL COMMENT '手机号',
  `t_remark` varchar(50) DEFAULT NULL COMMENT '备注',
  PRIMARY KEY (`t_id`)
) ENGINE=InnoDB DEFAULT CHARSET=utf8;

-- ----------------------------
-- Records of teacher
-- ----------------------------
INSERT INTO `teacher` VALUES ('110041', '孙老师', null, null, null, null, null, null, null, null);
INSERT INTO `teacher` VALUES ('110042', '郭老师', null, null, null, null, null, null, null, null);
INSERT INTO `teacher` VALUES ('110043', '邢老师', null, null, null, null, null, null, null, null);
INSERT INTO `teacher` VALUES ('110051', '王老师', null, null, null, null, null, null, null, null);
INSERT INTO `teacher` VALUES ('110052', '成老师', null, null, null, null, null, null, null, null);
INSERT INTO `teacher` VALUES ('110053', '赵老师', null, null, null, null, null, null, null, null);
INSERT INTO `teacher` VALUES ('110061', '陈老师', null, null, null, null, null, null, null, null);
INSERT INTO `teacher` VALUES ('110062', '冯老师', null, null, null, null, null, null, null, null);
INSERT INTO `teacher` VALUES ('110063', '冬老师', null, null, null, null, null, null, null, null);
INSERT INTO `teacher` VALUES ('110071', '春老师', null, null, null, null, null, null, null, null);
INSERT INTO `teacher` VALUES ('110072', '夏老师', null, null, null, null, null, null, null, null);
INSERT INTO `teacher` VALUES ('110073', '秋老师', null, null, null, null, null, null, null, null);
INSERT INTO `teacher` VALUES ('110086', '张老师', null, null, null, null, null, null, null, null);
INSERT INTO `teacher` VALUES ('110087', '刘老师', null, null, null, null, null, null, null, null);
INSERT INTO `teacher` VALUES ('110088', '李老师', null, null, null, null, null, null, null, null);
