/*
Navicat MySQL Data Transfer

Source Server         : 123.56.219.53
Source Server Version : 50724
Source Host           : 123.56.219.53:3306
Source Database       : userservice

Target Server Type    : MYSQL
Target Server Version : 50724
File Encoding         : 65001

Date: 2020-03-04 17:03:06
*/

SET FOREIGN_KEY_CHECKS=0;

-- ----------------------------
-- Table structure for role
-- ----------------------------
DROP TABLE IF EXISTS `role`;
CREATE TABLE `role` (
  `id` int(11) NOT NULL AUTO_INCREMENT,
  `name` varchar(255) DEFAULT NULL,
  PRIMARY KEY (`id`)
) ENGINE=MyISAM AUTO_INCREMENT=7 DEFAULT CHARSET=utf8;

-- ----------------------------
-- Records of role
-- ----------------------------
INSERT INTO `role` VALUES ('1', '1');
INSERT INTO `role` VALUES ('2', '2');
INSERT INTO `role` VALUES ('3', '3');
INSERT INTO `role` VALUES ('4', '4');
INSERT INTO `role` VALUES ('5', '5');
INSERT INTO `role` VALUES ('6', '6');

-- ----------------------------
-- Table structure for user
-- ----------------------------
DROP TABLE IF EXISTS `user`;
CREATE TABLE `user` (
  `id` int(11) NOT NULL AUTO_INCREMENT,
  `username` varchar(255) NOT NULL,
  `password` varchar(255) DEFAULT NULL,
  PRIMARY KEY (`id`),
  UNIQUE KEY `UK_USERNAME` (`username`)
) ENGINE=MyISAM AUTO_INCREMENT=762 DEFAULT CHARSET=utf8;

-- ----------------------------
-- Records of user
-- ----------------------------
INSERT INTO `user` VALUES ('1', 'admin', '$2a$10$Ai11uX395RNchpGgR8GKyOLHb.V93mnHrlKze1DzCUY/q2Aw3BHWW');
INSERT INTO `user` VALUES ('2', 'fdy', '$2a$10$NmtmORbN/ATToou17gvjl.CUu1yTNxxRjsO2GOJUbJFsWd21pYmFi');
INSERT INTO `user` VALUES ('3', 'fdy2', '$2a$10$NmtmORbN/ATToou17gvjl.CUu1yTNxxRjsO2GOJUbJFsWd21pYmFi');
INSERT INTO `user` VALUES ('386', '201611104001', '$2a$10$NmtmORbN/ATToou17gvjl.CUu1yTNxxRjsO2GOJUbJFsWd21pYmFi');
INSERT INTO `user` VALUES ('387', '201611104002', '$2a$10$NmtmORbN/ATToou17gvjl.CUu1yTNxxRjsO2GOJUbJFsWd21pYmFi');
INSERT INTO `user` VALUES ('388', '201611104003', '$2a$10$NmtmORbN/ATToou17gvjl.CUu1yTNxxRjsO2GOJUbJFsWd21pYmFi');
INSERT INTO `user` VALUES ('389', '201611104004', '$2a$10$NmtmORbN/ATToou17gvjl.CUu1yTNxxRjsO2GOJUbJFsWd21pYmFi');
INSERT INTO `user` VALUES ('390', '201611104006', '$2a$10$NmtmORbN/ATToou17gvjl.CUu1yTNxxRjsO2GOJUbJFsWd21pYmFi');
INSERT INTO `user` VALUES ('391', '201611104007', '$2a$10$NmtmORbN/ATToou17gvjl.CUu1yTNxxRjsO2GOJUbJFsWd21pYmFi');
INSERT INTO `user` VALUES ('392', '201611104009', '$2a$10$NmtmORbN/ATToou17gvjl.CUu1yTNxxRjsO2GOJUbJFsWd21pYmFi');
INSERT INTO `user` VALUES ('393', '201611104008', '$2a$10$NmtmORbN/ATToou17gvjl.CUu1yTNxxRjsO2GOJUbJFsWd21pYmFi');
INSERT INTO `user` VALUES ('394', '201611104005', '$2a$10$NmtmORbN/ATToou17gvjl.CUu1yTNxxRjsO2GOJUbJFsWd21pYmFi');
INSERT INTO `user` VALUES ('395', '201611104010', '$2a$10$NmtmORbN/ATToou17gvjl.CUu1yTNxxRjsO2GOJUbJFsWd21pYmFi');
INSERT INTO `user` VALUES ('396', '201611104013', '$2a$10$NmtmORbN/ATToou17gvjl.CUu1yTNxxRjsO2GOJUbJFsWd21pYmFi');
INSERT INTO `user` VALUES ('397', '201611104011', '$2a$10$NmtmORbN/ATToou17gvjl.CUu1yTNxxRjsO2GOJUbJFsWd21pYmFi');
INSERT INTO `user` VALUES ('398', '201611104014', '$2a$10$NmtmORbN/ATToou17gvjl.CUu1yTNxxRjsO2GOJUbJFsWd21pYmFi');
INSERT INTO `user` VALUES ('399', '201611104015', '$2a$10$NmtmORbN/ATToou17gvjl.CUu1yTNxxRjsO2GOJUbJFsWd21pYmFi');
INSERT INTO `user` VALUES ('400', '201611104016', '$2a$10$NmtmORbN/ATToou17gvjl.CUu1yTNxxRjsO2GOJUbJFsWd21pYmFi');
INSERT INTO `user` VALUES ('401', '201611104018', '$2a$10$NmtmORbN/ATToou17gvjl.CUu1yTNxxRjsO2GOJUbJFsWd21pYmFi');
INSERT INTO `user` VALUES ('402', '201611104017', '$2a$10$NmtmORbN/ATToou17gvjl.CUu1yTNxxRjsO2GOJUbJFsWd21pYmFi');
INSERT INTO `user` VALUES ('403', '201611104020', '$2a$10$NmtmORbN/ATToou17gvjl.CUu1yTNxxRjsO2GOJUbJFsWd21pYmFi');
INSERT INTO `user` VALUES ('404', '201611104019', '$2a$10$NmtmORbN/ATToou17gvjl.CUu1yTNxxRjsO2GOJUbJFsWd21pYmFi');
INSERT INTO `user` VALUES ('405', '201611104022', '$2a$10$NmtmORbN/ATToou17gvjl.CUu1yTNxxRjsO2GOJUbJFsWd21pYmFi');
INSERT INTO `user` VALUES ('406', '201611104021', '$2a$10$NmtmORbN/ATToou17gvjl.CUu1yTNxxRjsO2GOJUbJFsWd21pYmFi');
INSERT INTO `user` VALUES ('407', '201611104024', '$2a$10$NmtmORbN/ATToou17gvjl.CUu1yTNxxRjsO2GOJUbJFsWd21pYmFi');
INSERT INTO `user` VALUES ('408', '201611104023', '$2a$10$NmtmORbN/ATToou17gvjl.CUu1yTNxxRjsO2GOJUbJFsWd21pYmFi');
INSERT INTO `user` VALUES ('409', '201611104025', '$2a$10$NmtmORbN/ATToou17gvjl.CUu1yTNxxRjsO2GOJUbJFsWd21pYmFi');
INSERT INTO `user` VALUES ('410', '201611104026', '$2a$10$NmtmORbN/ATToou17gvjl.CUu1yTNxxRjsO2GOJUbJFsWd21pYmFi');
INSERT INTO `user` VALUES ('411', '201611104027', '$2a$10$NmtmORbN/ATToou17gvjl.CUu1yTNxxRjsO2GOJUbJFsWd21pYmFi');
INSERT INTO `user` VALUES ('412', '201611104028', '$2a$10$NmtmORbN/ATToou17gvjl.CUu1yTNxxRjsO2GOJUbJFsWd21pYmFi');
INSERT INTO `user` VALUES ('413', '201611104029', '$2a$10$NmtmORbN/ATToou17gvjl.CUu1yTNxxRjsO2GOJUbJFsWd21pYmFi');
INSERT INTO `user` VALUES ('414', '201611104030', '$2a$10$NmtmORbN/ATToou17gvjl.CUu1yTNxxRjsO2GOJUbJFsWd21pYmFi');
INSERT INTO `user` VALUES ('415', '201611104031', '$2a$10$NmtmORbN/ATToou17gvjl.CUu1yTNxxRjsO2GOJUbJFsWd21pYmFi');
INSERT INTO `user` VALUES ('416', '201611104032', '$2a$10$NmtmORbN/ATToou17gvjl.CUu1yTNxxRjsO2GOJUbJFsWd21pYmFi');
INSERT INTO `user` VALUES ('417', '201611104033', '$2a$10$NmtmORbN/ATToou17gvjl.CUu1yTNxxRjsO2GOJUbJFsWd21pYmFi');
INSERT INTO `user` VALUES ('418', '201611104034', '$2a$10$NmtmORbN/ATToou17gvjl.CUu1yTNxxRjsO2GOJUbJFsWd21pYmFi');
INSERT INTO `user` VALUES ('419', '201611104036', '$2a$10$NmtmORbN/ATToou17gvjl.CUu1yTNxxRjsO2GOJUbJFsWd21pYmFi');
INSERT INTO `user` VALUES ('420', '201611104012', '$2a$10$NmtmORbN/ATToou17gvjl.CUu1yTNxxRjsO2GOJUbJFsWd21pYmFi');
INSERT INTO `user` VALUES ('421', '201611104035', '$2a$10$NmtmORbN/ATToou17gvjl.CUu1yTNxxRjsO2GOJUbJFsWd21pYmFi');
INSERT INTO `user` VALUES ('422', '201611104039', '$2a$10$NmtmORbN/ATToou17gvjl.CUu1yTNxxRjsO2GOJUbJFsWd21pYmFi');
INSERT INTO `user` VALUES ('423', '201611104040', '$2a$10$NmtmORbN/ATToou17gvjl.CUu1yTNxxRjsO2GOJUbJFsWd21pYmFi');
INSERT INTO `user` VALUES ('424', '201611104041', '$2a$10$NmtmORbN/ATToou17gvjl.CUu1yTNxxRjsO2GOJUbJFsWd21pYmFi');
INSERT INTO `user` VALUES ('425', '201611104042', '$2a$10$NmtmORbN/ATToou17gvjl.CUu1yTNxxRjsO2GOJUbJFsWd21pYmFi');
INSERT INTO `user` VALUES ('426', '201611104043', '$2a$10$NmtmORbN/ATToou17gvjl.CUu1yTNxxRjsO2GOJUbJFsWd21pYmFi');
INSERT INTO `user` VALUES ('427', '201611104044', '$2a$10$NmtmORbN/ATToou17gvjl.CUu1yTNxxRjsO2GOJUbJFsWd21pYmFi');
INSERT INTO `user` VALUES ('428', '201611104045', '$2a$10$NmtmORbN/ATToou17gvjl.CUu1yTNxxRjsO2GOJUbJFsWd21pYmFi');
INSERT INTO `user` VALUES ('429', '201611104046', '$2a$10$NmtmORbN/ATToou17gvjl.CUu1yTNxxRjsO2GOJUbJFsWd21pYmFi');
INSERT INTO `user` VALUES ('430', '201611104047', '$2a$10$NmtmORbN/ATToou17gvjl.CUu1yTNxxRjsO2GOJUbJFsWd21pYmFi');
INSERT INTO `user` VALUES ('431', '201611104038', '$2a$10$NmtmORbN/ATToou17gvjl.CUu1yTNxxRjsO2GOJUbJFsWd21pYmFi');
INSERT INTO `user` VALUES ('432', '201611104049', '$2a$10$NmtmORbN/ATToou17gvjl.CUu1yTNxxRjsO2GOJUbJFsWd21pYmFi');
INSERT INTO `user` VALUES ('433', '201611104051', '$2a$10$NmtmORbN/ATToou17gvjl.CUu1yTNxxRjsO2GOJUbJFsWd21pYmFi');
INSERT INTO `user` VALUES ('434', '201611104050', '$2a$10$NmtmORbN/ATToou17gvjl.CUu1yTNxxRjsO2GOJUbJFsWd21pYmFi');
INSERT INTO `user` VALUES ('435', '201611104053', '$2a$10$NmtmORbN/ATToou17gvjl.CUu1yTNxxRjsO2GOJUbJFsWd21pYmFi');
INSERT INTO `user` VALUES ('436', '201611104052', '$2a$10$NmtmORbN/ATToou17gvjl.CUu1yTNxxRjsO2GOJUbJFsWd21pYmFi');
INSERT INTO `user` VALUES ('437', '201611104037', '$2a$10$NmtmORbN/ATToou17gvjl.CUu1yTNxxRjsO2GOJUbJFsWd21pYmFi');
INSERT INTO `user` VALUES ('438', '201611104055', '$2a$10$NmtmORbN/ATToou17gvjl.CUu1yTNxxRjsO2GOJUbJFsWd21pYmFi');
INSERT INTO `user` VALUES ('439', '201611104056', '$2a$10$NmtmORbN/ATToou17gvjl.CUu1yTNxxRjsO2GOJUbJFsWd21pYmFi');
INSERT INTO `user` VALUES ('440', '201611104057', '$2a$10$NmtmORbN/ATToou17gvjl.CUu1yTNxxRjsO2GOJUbJFsWd21pYmFi');
INSERT INTO `user` VALUES ('441', '201611104058', '$2a$10$NmtmORbN/ATToou17gvjl.CUu1yTNxxRjsO2GOJUbJFsWd21pYmFi');
INSERT INTO `user` VALUES ('442', '201611104059', '$2a$10$NmtmORbN/ATToou17gvjl.CUu1yTNxxRjsO2GOJUbJFsWd21pYmFi');
INSERT INTO `user` VALUES ('443', '201611104060', '$2a$10$NmtmORbN/ATToou17gvjl.CUu1yTNxxRjsO2GOJUbJFsWd21pYmFi');
INSERT INTO `user` VALUES ('444', '201611104061', '$2a$10$NmtmORbN/ATToou17gvjl.CUu1yTNxxRjsO2GOJUbJFsWd21pYmFi');
INSERT INTO `user` VALUES ('445', '201611104054', '$2a$10$NmtmORbN/ATToou17gvjl.CUu1yTNxxRjsO2GOJUbJFsWd21pYmFi');
INSERT INTO `user` VALUES ('446', '201611104062', '$2a$10$NmtmORbN/ATToou17gvjl.CUu1yTNxxRjsO2GOJUbJFsWd21pYmFi');
INSERT INTO `user` VALUES ('447', '201611104064', '$2a$10$NmtmORbN/ATToou17gvjl.CUu1yTNxxRjsO2GOJUbJFsWd21pYmFi');
INSERT INTO `user` VALUES ('448', '201611104063', '$2a$10$NmtmORbN/ATToou17gvjl.CUu1yTNxxRjsO2GOJUbJFsWd21pYmFi');
INSERT INTO `user` VALUES ('449', '201611104066', '$2a$10$NmtmORbN/ATToou17gvjl.CUu1yTNxxRjsO2GOJUbJFsWd21pYmFi');
INSERT INTO `user` VALUES ('450', '201611104068', '$2a$10$NmtmORbN/ATToou17gvjl.CUu1yTNxxRjsO2GOJUbJFsWd21pYmFi');
INSERT INTO `user` VALUES ('451', '201611104070', '$2a$10$NmtmORbN/ATToou17gvjl.CUu1yTNxxRjsO2GOJUbJFsWd21pYmFi');
INSERT INTO `user` VALUES ('452', '201611104071', '$2a$10$NmtmORbN/ATToou17gvjl.CUu1yTNxxRjsO2GOJUbJFsWd21pYmFi');
INSERT INTO `user` VALUES ('453', '201611104072', '$2a$10$NmtmORbN/ATToou17gvjl.CUu1yTNxxRjsO2GOJUbJFsWd21pYmFi');
INSERT INTO `user` VALUES ('454', '201611104048', '$2a$10$NmtmORbN/ATToou17gvjl.CUu1yTNxxRjsO2GOJUbJFsWd21pYmFi');
INSERT INTO `user` VALUES ('455', '201611104074', '$2a$10$NmtmORbN/ATToou17gvjl.CUu1yTNxxRjsO2GOJUbJFsWd21pYmFi');
INSERT INTO `user` VALUES ('456', '201611104065', '$2a$10$NmtmORbN/ATToou17gvjl.CUu1yTNxxRjsO2GOJUbJFsWd21pYmFi');
INSERT INTO `user` VALUES ('457', '201611104075', '$2a$10$NmtmORbN/ATToou17gvjl.CUu1yTNxxRjsO2GOJUbJFsWd21pYmFi');
INSERT INTO `user` VALUES ('458', '201611104077', '$2a$10$NmtmORbN/ATToou17gvjl.CUu1yTNxxRjsO2GOJUbJFsWd21pYmFi');
INSERT INTO `user` VALUES ('459', '201611104078', '$2a$10$NmtmORbN/ATToou17gvjl.CUu1yTNxxRjsO2GOJUbJFsWd21pYmFi');
INSERT INTO `user` VALUES ('460', '201611104076', '$2a$10$NmtmORbN/ATToou17gvjl.CUu1yTNxxRjsO2GOJUbJFsWd21pYmFi');
INSERT INTO `user` VALUES ('461', '201611104073', '$2a$10$NmtmORbN/ATToou17gvjl.CUu1yTNxxRjsO2GOJUbJFsWd21pYmFi');
INSERT INTO `user` VALUES ('462', '201611104079', '$2a$10$NmtmORbN/ATToou17gvjl.CUu1yTNxxRjsO2GOJUbJFsWd21pYmFi');
INSERT INTO `user` VALUES ('463', '201611104083', '$2a$10$NmtmORbN/ATToou17gvjl.CUu1yTNxxRjsO2GOJUbJFsWd21pYmFi');
INSERT INTO `user` VALUES ('464', '201611104082', '$2a$10$NmtmORbN/ATToou17gvjl.CUu1yTNxxRjsO2GOJUbJFsWd21pYmFi');
INSERT INTO `user` VALUES ('465', '201611104081', '$2a$10$NmtmORbN/ATToou17gvjl.CUu1yTNxxRjsO2GOJUbJFsWd21pYmFi');
INSERT INTO `user` VALUES ('466', '201611104085', '$2a$10$NmtmORbN/ATToou17gvjl.CUu1yTNxxRjsO2GOJUbJFsWd21pYmFi');
INSERT INTO `user` VALUES ('467', '201611104087', '$2a$10$NmtmORbN/ATToou17gvjl.CUu1yTNxxRjsO2GOJUbJFsWd21pYmFi');
INSERT INTO `user` VALUES ('468', '201611104086', '$2a$10$NmtmORbN/ATToou17gvjl.CUu1yTNxxRjsO2GOJUbJFsWd21pYmFi');
INSERT INTO `user` VALUES ('469', '201611104080', '$2a$10$NmtmORbN/ATToou17gvjl.CUu1yTNxxRjsO2GOJUbJFsWd21pYmFi');
INSERT INTO `user` VALUES ('470', '201611104088', '$2a$10$NmtmORbN/ATToou17gvjl.CUu1yTNxxRjsO2GOJUbJFsWd21pYmFi');
INSERT INTO `user` VALUES ('471', '201611104089', '$2a$10$NmtmORbN/ATToou17gvjl.CUu1yTNxxRjsO2GOJUbJFsWd21pYmFi');
INSERT INTO `user` VALUES ('472', '201611104090', '$2a$10$NmtmORbN/ATToou17gvjl.CUu1yTNxxRjsO2GOJUbJFsWd21pYmFi');
INSERT INTO `user` VALUES ('473', '201611104069', '$2a$10$NmtmORbN/ATToou17gvjl.CUu1yTNxxRjsO2GOJUbJFsWd21pYmFi');
INSERT INTO `user` VALUES ('474', '201611104084', '$2a$10$NmtmORbN/ATToou17gvjl.CUu1yTNxxRjsO2GOJUbJFsWd21pYmFi');
INSERT INTO `user` VALUES ('475', '201611105001', '$2a$10$NmtmORbN/ATToou17gvjl.CUu1yTNxxRjsO2GOJUbJFsWd21pYmFi');
INSERT INTO `user` VALUES ('476', '201611105005', '$2a$10$NmtmORbN/ATToou17gvjl.CUu1yTNxxRjsO2GOJUbJFsWd21pYmFi');
INSERT INTO `user` VALUES ('477', '201611105006', '$2a$10$NmtmORbN/ATToou17gvjl.CUu1yTNxxRjsO2GOJUbJFsWd21pYmFi');
INSERT INTO `user` VALUES ('478', '201611105007', '$2a$10$NmtmORbN/ATToou17gvjl.CUu1yTNxxRjsO2GOJUbJFsWd21pYmFi');
INSERT INTO `user` VALUES ('479', '201611105008', '$2a$10$NmtmORbN/ATToou17gvjl.CUu1yTNxxRjsO2GOJUbJFsWd21pYmFi');
INSERT INTO `user` VALUES ('480', '201611104067', '$2a$10$NmtmORbN/ATToou17gvjl.CUu1yTNxxRjsO2GOJUbJFsWd21pYmFi');
INSERT INTO `user` VALUES ('481', '201611105010', '$2a$10$NmtmORbN/ATToou17gvjl.CUu1yTNxxRjsO2GOJUbJFsWd21pYmFi');
INSERT INTO `user` VALUES ('482', '201611105011', '$2a$10$NmtmORbN/ATToou17gvjl.CUu1yTNxxRjsO2GOJUbJFsWd21pYmFi');
INSERT INTO `user` VALUES ('483', '201611105003', '$2a$10$NmtmORbN/ATToou17gvjl.CUu1yTNxxRjsO2GOJUbJFsWd21pYmFi');
INSERT INTO `user` VALUES ('484', '201611105012', '$2a$10$NmtmORbN/ATToou17gvjl.CUu1yTNxxRjsO2GOJUbJFsWd21pYmFi');
INSERT INTO `user` VALUES ('485', '201611105013', '$2a$10$NmtmORbN/ATToou17gvjl.CUu1yTNxxRjsO2GOJUbJFsWd21pYmFi');
INSERT INTO `user` VALUES ('486', '201611105014', '$2a$10$NmtmORbN/ATToou17gvjl.CUu1yTNxxRjsO2GOJUbJFsWd21pYmFi');
INSERT INTO `user` VALUES ('487', '201611105004', '$2a$10$NmtmORbN/ATToou17gvjl.CUu1yTNxxRjsO2GOJUbJFsWd21pYmFi');
INSERT INTO `user` VALUES ('488', '201611105009', '$2a$10$NmtmORbN/ATToou17gvjl.CUu1yTNxxRjsO2GOJUbJFsWd21pYmFi');
INSERT INTO `user` VALUES ('489', '201611105020', '$2a$10$NmtmORbN/ATToou17gvjl.CUu1yTNxxRjsO2GOJUbJFsWd21pYmFi');
INSERT INTO `user` VALUES ('490', '201611105016', '$2a$10$NmtmORbN/ATToou17gvjl.CUu1yTNxxRjsO2GOJUbJFsWd21pYmFi');
INSERT INTO `user` VALUES ('491', '201611105018', '$2a$10$NmtmORbN/ATToou17gvjl.CUu1yTNxxRjsO2GOJUbJFsWd21pYmFi');
INSERT INTO `user` VALUES ('492', '201611105019', '$2a$10$NmtmORbN/ATToou17gvjl.CUu1yTNxxRjsO2GOJUbJFsWd21pYmFi');
INSERT INTO `user` VALUES ('493', '201611105015', '$2a$10$NmtmORbN/ATToou17gvjl.CUu1yTNxxRjsO2GOJUbJFsWd21pYmFi');
INSERT INTO `user` VALUES ('494', '201611105022', '$2a$10$NmtmORbN/ATToou17gvjl.CUu1yTNxxRjsO2GOJUbJFsWd21pYmFi');
INSERT INTO `user` VALUES ('495', '201611105023', '$2a$10$NmtmORbN/ATToou17gvjl.CUu1yTNxxRjsO2GOJUbJFsWd21pYmFi');
INSERT INTO `user` VALUES ('496', '201611105024', '$2a$10$NmtmORbN/ATToou17gvjl.CUu1yTNxxRjsO2GOJUbJFsWd21pYmFi');
INSERT INTO `user` VALUES ('497', '201611105025', '$2a$10$NmtmORbN/ATToou17gvjl.CUu1yTNxxRjsO2GOJUbJFsWd21pYmFi');
INSERT INTO `user` VALUES ('498', '201611105017', '$2a$10$NmtmORbN/ATToou17gvjl.CUu1yTNxxRjsO2GOJUbJFsWd21pYmFi');
INSERT INTO `user` VALUES ('499', '201611105027', '$2a$10$NmtmORbN/ATToou17gvjl.CUu1yTNxxRjsO2GOJUbJFsWd21pYmFi');
INSERT INTO `user` VALUES ('500', '201611105028', '$2a$10$NmtmORbN/ATToou17gvjl.CUu1yTNxxRjsO2GOJUbJFsWd21pYmFi');
INSERT INTO `user` VALUES ('501', '201611105030', '$2a$10$NmtmORbN/ATToou17gvjl.CUu1yTNxxRjsO2GOJUbJFsWd21pYmFi');
INSERT INTO `user` VALUES ('502', '201611105031', '$2a$10$NmtmORbN/ATToou17gvjl.CUu1yTNxxRjsO2GOJUbJFsWd21pYmFi');
INSERT INTO `user` VALUES ('503', '201611105029', '$2a$10$NmtmORbN/ATToou17gvjl.CUu1yTNxxRjsO2GOJUbJFsWd21pYmFi');
INSERT INTO `user` VALUES ('504', '201611105032', '$2a$10$NmtmORbN/ATToou17gvjl.CUu1yTNxxRjsO2GOJUbJFsWd21pYmFi');
INSERT INTO `user` VALUES ('505', '201611105034', '$2a$10$NmtmORbN/ATToou17gvjl.CUu1yTNxxRjsO2GOJUbJFsWd21pYmFi');
INSERT INTO `user` VALUES ('506', '201611105033', '$2a$10$NmtmORbN/ATToou17gvjl.CUu1yTNxxRjsO2GOJUbJFsWd21pYmFi');
INSERT INTO `user` VALUES ('507', '201611105036', '$2a$10$NmtmORbN/ATToou17gvjl.CUu1yTNxxRjsO2GOJUbJFsWd21pYmFi');
INSERT INTO `user` VALUES ('508', '201611105035', '$2a$10$NmtmORbN/ATToou17gvjl.CUu1yTNxxRjsO2GOJUbJFsWd21pYmFi');
INSERT INTO `user` VALUES ('509', '201611105038', '$2a$10$NmtmORbN/ATToou17gvjl.CUu1yTNxxRjsO2GOJUbJFsWd21pYmFi');
INSERT INTO `user` VALUES ('510', '201611105039', '$2a$10$NmtmORbN/ATToou17gvjl.CUu1yTNxxRjsO2GOJUbJFsWd21pYmFi');
INSERT INTO `user` VALUES ('511', '201611105037', '$2a$10$NmtmORbN/ATToou17gvjl.CUu1yTNxxRjsO2GOJUbJFsWd21pYmFi');
INSERT INTO `user` VALUES ('512', '201611105041', '$2a$10$NmtmORbN/ATToou17gvjl.CUu1yTNxxRjsO2GOJUbJFsWd21pYmFi');
INSERT INTO `user` VALUES ('513', '201611105040', '$2a$10$NmtmORbN/ATToou17gvjl.CUu1yTNxxRjsO2GOJUbJFsWd21pYmFi');
INSERT INTO `user` VALUES ('514', '201611105043', '$2a$10$NmtmORbN/ATToou17gvjl.CUu1yTNxxRjsO2GOJUbJFsWd21pYmFi');
INSERT INTO `user` VALUES ('515', '201611105044', '$2a$10$NmtmORbN/ATToou17gvjl.CUu1yTNxxRjsO2GOJUbJFsWd21pYmFi');
INSERT INTO `user` VALUES ('516', '201611105042', '$2a$10$NmtmORbN/ATToou17gvjl.CUu1yTNxxRjsO2GOJUbJFsWd21pYmFi');
INSERT INTO `user` VALUES ('517', '201611105045', '$2a$10$NmtmORbN/ATToou17gvjl.CUu1yTNxxRjsO2GOJUbJFsWd21pYmFi');
INSERT INTO `user` VALUES ('518', '201611105046', '$2a$10$NmtmORbN/ATToou17gvjl.CUu1yTNxxRjsO2GOJUbJFsWd21pYmFi');
INSERT INTO `user` VALUES ('519', '201611105047', '$2a$10$NmtmORbN/ATToou17gvjl.CUu1yTNxxRjsO2GOJUbJFsWd21pYmFi');
INSERT INTO `user` VALUES ('520', '201611105048', '$2a$10$NmtmORbN/ATToou17gvjl.CUu1yTNxxRjsO2GOJUbJFsWd21pYmFi');
INSERT INTO `user` VALUES ('521', '201611105049', '$2a$10$NmtmORbN/ATToou17gvjl.CUu1yTNxxRjsO2GOJUbJFsWd21pYmFi');
INSERT INTO `user` VALUES ('522', '201611105021', '$2a$10$NmtmORbN/ATToou17gvjl.CUu1yTNxxRjsO2GOJUbJFsWd21pYmFi');
INSERT INTO `user` VALUES ('523', '201611105051', '$2a$10$NmtmORbN/ATToou17gvjl.CUu1yTNxxRjsO2GOJUbJFsWd21pYmFi');
INSERT INTO `user` VALUES ('524', '201611105053', '$2a$10$NmtmORbN/ATToou17gvjl.CUu1yTNxxRjsO2GOJUbJFsWd21pYmFi');
INSERT INTO `user` VALUES ('525', '201611105050', '$2a$10$NmtmORbN/ATToou17gvjl.CUu1yTNxxRjsO2GOJUbJFsWd21pYmFi');
INSERT INTO `user` VALUES ('526', '201611105054', '$2a$10$NmtmORbN/ATToou17gvjl.CUu1yTNxxRjsO2GOJUbJFsWd21pYmFi');
INSERT INTO `user` VALUES ('527', '201611105055', '$2a$10$NmtmORbN/ATToou17gvjl.CUu1yTNxxRjsO2GOJUbJFsWd21pYmFi');
INSERT INTO `user` VALUES ('528', '201611105056', '$2a$10$NmtmORbN/ATToou17gvjl.CUu1yTNxxRjsO2GOJUbJFsWd21pYmFi');
INSERT INTO `user` VALUES ('529', '201611105026', '$2a$10$NmtmORbN/ATToou17gvjl.CUu1yTNxxRjsO2GOJUbJFsWd21pYmFi');
INSERT INTO `user` VALUES ('530', '201611105058', '$2a$10$NmtmORbN/ATToou17gvjl.CUu1yTNxxRjsO2GOJUbJFsWd21pYmFi');
INSERT INTO `user` VALUES ('531', '201611105060', '$2a$10$NmtmORbN/ATToou17gvjl.CUu1yTNxxRjsO2GOJUbJFsWd21pYmFi');
INSERT INTO `user` VALUES ('532', '201611105059', '$2a$10$NmtmORbN/ATToou17gvjl.CUu1yTNxxRjsO2GOJUbJFsWd21pYmFi');
INSERT INTO `user` VALUES ('533', '201611105061', '$2a$10$NmtmORbN/ATToou17gvjl.CUu1yTNxxRjsO2GOJUbJFsWd21pYmFi');
INSERT INTO `user` VALUES ('534', '201611105062', '$2a$10$NmtmORbN/ATToou17gvjl.CUu1yTNxxRjsO2GOJUbJFsWd21pYmFi');
INSERT INTO `user` VALUES ('535', '201611105063', '$2a$10$NmtmORbN/ATToou17gvjl.CUu1yTNxxRjsO2GOJUbJFsWd21pYmFi');
INSERT INTO `user` VALUES ('536', '201611105065', '$2a$10$NmtmORbN/ATToou17gvjl.CUu1yTNxxRjsO2GOJUbJFsWd21pYmFi');
INSERT INTO `user` VALUES ('537', '201611105052', '$2a$10$NmtmORbN/ATToou17gvjl.CUu1yTNxxRjsO2GOJUbJFsWd21pYmFi');
INSERT INTO `user` VALUES ('538', '201611105066', '$2a$10$NmtmORbN/ATToou17gvjl.CUu1yTNxxRjsO2GOJUbJFsWd21pYmFi');
INSERT INTO `user` VALUES ('539', '201611105067', '$2a$10$NmtmORbN/ATToou17gvjl.CUu1yTNxxRjsO2GOJUbJFsWd21pYmFi');
INSERT INTO `user` VALUES ('540', '201611105057', '$2a$10$NmtmORbN/ATToou17gvjl.CUu1yTNxxRjsO2GOJUbJFsWd21pYmFi');
INSERT INTO `user` VALUES ('541', '201611105069', '$2a$10$NmtmORbN/ATToou17gvjl.CUu1yTNxxRjsO2GOJUbJFsWd21pYmFi');
INSERT INTO `user` VALUES ('542', '201611105070', '$2a$10$NmtmORbN/ATToou17gvjl.CUu1yTNxxRjsO2GOJUbJFsWd21pYmFi');
INSERT INTO `user` VALUES ('543', '201611105064', '$2a$10$NmtmORbN/ATToou17gvjl.CUu1yTNxxRjsO2GOJUbJFsWd21pYmFi');
INSERT INTO `user` VALUES ('544', '201611105071', '$2a$10$NmtmORbN/ATToou17gvjl.CUu1yTNxxRjsO2GOJUbJFsWd21pYmFi');
INSERT INTO `user` VALUES ('545', '201611105073', '$2a$10$NmtmORbN/ATToou17gvjl.CUu1yTNxxRjsO2GOJUbJFsWd21pYmFi');
INSERT INTO `user` VALUES ('546', '201611105074', '$2a$10$NmtmORbN/ATToou17gvjl.CUu1yTNxxRjsO2GOJUbJFsWd21pYmFi');
INSERT INTO `user` VALUES ('547', '201611105075', '$2a$10$NmtmORbN/ATToou17gvjl.CUu1yTNxxRjsO2GOJUbJFsWd21pYmFi');
INSERT INTO `user` VALUES ('548', '201611105076', '$2a$10$NmtmORbN/ATToou17gvjl.CUu1yTNxxRjsO2GOJUbJFsWd21pYmFi');
INSERT INTO `user` VALUES ('549', '201611105077', '$2a$10$NmtmORbN/ATToou17gvjl.CUu1yTNxxRjsO2GOJUbJFsWd21pYmFi');
INSERT INTO `user` VALUES ('550', '201611105078', '$2a$10$NmtmORbN/ATToou17gvjl.CUu1yTNxxRjsO2GOJUbJFsWd21pYmFi');
INSERT INTO `user` VALUES ('551', '201611105079', '$2a$10$NmtmORbN/ATToou17gvjl.CUu1yTNxxRjsO2GOJUbJFsWd21pYmFi');
INSERT INTO `user` VALUES ('552', '201611105080', '$2a$10$NmtmORbN/ATToou17gvjl.CUu1yTNxxRjsO2GOJUbJFsWd21pYmFi');
INSERT INTO `user` VALUES ('553', '201611105081', '$2a$10$NmtmORbN/ATToou17gvjl.CUu1yTNxxRjsO2GOJUbJFsWd21pYmFi');
INSERT INTO `user` VALUES ('554', '201611105072', '$2a$10$NmtmORbN/ATToou17gvjl.CUu1yTNxxRjsO2GOJUbJFsWd21pYmFi');
INSERT INTO `user` VALUES ('555', '201611105082', '$2a$10$NmtmORbN/ATToou17gvjl.CUu1yTNxxRjsO2GOJUbJFsWd21pYmFi');
INSERT INTO `user` VALUES ('556', '201611105084', '$2a$10$NmtmORbN/ATToou17gvjl.CUu1yTNxxRjsO2GOJUbJFsWd21pYmFi');
INSERT INTO `user` VALUES ('557', '201611105086', '$2a$10$NmtmORbN/ATToou17gvjl.CUu1yTNxxRjsO2GOJUbJFsWd21pYmFi');
INSERT INTO `user` VALUES ('558', '201611105068', '$2a$10$NmtmORbN/ATToou17gvjl.CUu1yTNxxRjsO2GOJUbJFsWd21pYmFi');
INSERT INTO `user` VALUES ('559', '201611105087', '$2a$10$NmtmORbN/ATToou17gvjl.CUu1yTNxxRjsO2GOJUbJFsWd21pYmFi');
INSERT INTO `user` VALUES ('560', '201611105088', '$2a$10$NmtmORbN/ATToou17gvjl.CUu1yTNxxRjsO2GOJUbJFsWd21pYmFi');
INSERT INTO `user` VALUES ('561', '201611105089', '$2a$10$NmtmORbN/ATToou17gvjl.CUu1yTNxxRjsO2GOJUbJFsWd21pYmFi');
INSERT INTO `user` VALUES ('562', '201611105090', '$2a$10$NmtmORbN/ATToou17gvjl.CUu1yTNxxRjsO2GOJUbJFsWd21pYmFi');
INSERT INTO `user` VALUES ('563', '201611106001', '$2a$10$NmtmORbN/ATToou17gvjl.CUu1yTNxxRjsO2GOJUbJFsWd21pYmFi');
INSERT INTO `user` VALUES ('564', '201611106002', '$2a$10$NmtmORbN/ATToou17gvjl.CUu1yTNxxRjsO2GOJUbJFsWd21pYmFi');
INSERT INTO `user` VALUES ('565', '201611106003', '$2a$10$NmtmORbN/ATToou17gvjl.CUu1yTNxxRjsO2GOJUbJFsWd21pYmFi');
INSERT INTO `user` VALUES ('566', '201611106006', '$2a$10$NmtmORbN/ATToou17gvjl.CUu1yTNxxRjsO2GOJUbJFsWd21pYmFi');
INSERT INTO `user` VALUES ('567', '201611105083', '$2a$10$NmtmORbN/ATToou17gvjl.CUu1yTNxxRjsO2GOJUbJFsWd21pYmFi');
INSERT INTO `user` VALUES ('568', '201611106005', '$2a$10$NmtmORbN/ATToou17gvjl.CUu1yTNxxRjsO2GOJUbJFsWd21pYmFi');
INSERT INTO `user` VALUES ('569', '201611106007', '$2a$10$NmtmORbN/ATToou17gvjl.CUu1yTNxxRjsO2GOJUbJFsWd21pYmFi');
INSERT INTO `user` VALUES ('570', '201611106008', '$2a$10$NmtmORbN/ATToou17gvjl.CUu1yTNxxRjsO2GOJUbJFsWd21pYmFi');
INSERT INTO `user` VALUES ('571', '201611106009', '$2a$10$NmtmORbN/ATToou17gvjl.CUu1yTNxxRjsO2GOJUbJFsWd21pYmFi');
INSERT INTO `user` VALUES ('572', '201611106010', '$2a$10$NmtmORbN/ATToou17gvjl.CUu1yTNxxRjsO2GOJUbJFsWd21pYmFi');
INSERT INTO `user` VALUES ('573', '201611106011', '$2a$10$NmtmORbN/ATToou17gvjl.CUu1yTNxxRjsO2GOJUbJFsWd21pYmFi');
INSERT INTO `user` VALUES ('574', '201611106012', '$2a$10$NmtmORbN/ATToou17gvjl.CUu1yTNxxRjsO2GOJUbJFsWd21pYmFi');
INSERT INTO `user` VALUES ('575', '201611106013', '$2a$10$NmtmORbN/ATToou17gvjl.CUu1yTNxxRjsO2GOJUbJFsWd21pYmFi');
INSERT INTO `user` VALUES ('576', '201611106014', '$2a$10$NmtmORbN/ATToou17gvjl.CUu1yTNxxRjsO2GOJUbJFsWd21pYmFi');
INSERT INTO `user` VALUES ('577', '201611105085', '$2a$10$NmtmORbN/ATToou17gvjl.CUu1yTNxxRjsO2GOJUbJFsWd21pYmFi');
INSERT INTO `user` VALUES ('578', '201611106015', '$2a$10$NmtmORbN/ATToou17gvjl.CUu1yTNxxRjsO2GOJUbJFsWd21pYmFi');
INSERT INTO `user` VALUES ('579', '201611106017', '$2a$10$NmtmORbN/ATToou17gvjl.CUu1yTNxxRjsO2GOJUbJFsWd21pYmFi');
INSERT INTO `user` VALUES ('580', '201611106018', '$2a$10$NmtmORbN/ATToou17gvjl.CUu1yTNxxRjsO2GOJUbJFsWd21pYmFi');
INSERT INTO `user` VALUES ('581', '201611106019', '$2a$10$NmtmORbN/ATToou17gvjl.CUu1yTNxxRjsO2GOJUbJFsWd21pYmFi');
INSERT INTO `user` VALUES ('582', '201611106020', '$2a$10$NmtmORbN/ATToou17gvjl.CUu1yTNxxRjsO2GOJUbJFsWd21pYmFi');
INSERT INTO `user` VALUES ('583', '201611106021', '$2a$10$NmtmORbN/ATToou17gvjl.CUu1yTNxxRjsO2GOJUbJFsWd21pYmFi');
INSERT INTO `user` VALUES ('584', '201611106023', '$2a$10$NmtmORbN/ATToou17gvjl.CUu1yTNxxRjsO2GOJUbJFsWd21pYmFi');
INSERT INTO `user` VALUES ('585', '201611106022', '$2a$10$NmtmORbN/ATToou17gvjl.CUu1yTNxxRjsO2GOJUbJFsWd21pYmFi');
INSERT INTO `user` VALUES ('586', '201611106024', '$2a$10$NmtmORbN/ATToou17gvjl.CUu1yTNxxRjsO2GOJUbJFsWd21pYmFi');
INSERT INTO `user` VALUES ('587', '201611106025', '$2a$10$NmtmORbN/ATToou17gvjl.CUu1yTNxxRjsO2GOJUbJFsWd21pYmFi');
INSERT INTO `user` VALUES ('588', '201611106016', '$2a$10$NmtmORbN/ATToou17gvjl.CUu1yTNxxRjsO2GOJUbJFsWd21pYmFi');
INSERT INTO `user` VALUES ('589', '201611106004', '$2a$10$NmtmORbN/ATToou17gvjl.CUu1yTNxxRjsO2GOJUbJFsWd21pYmFi');
INSERT INTO `user` VALUES ('590', '201611106028', '$2a$10$NmtmORbN/ATToou17gvjl.CUu1yTNxxRjsO2GOJUbJFsWd21pYmFi');
INSERT INTO `user` VALUES ('591', '201611106030', '$2a$10$NmtmORbN/ATToou17gvjl.CUu1yTNxxRjsO2GOJUbJFsWd21pYmFi');
INSERT INTO `user` VALUES ('592', '201611106029', '$2a$10$NmtmORbN/ATToou17gvjl.CUu1yTNxxRjsO2GOJUbJFsWd21pYmFi');
INSERT INTO `user` VALUES ('593', '201611106027', '$2a$10$NmtmORbN/ATToou17gvjl.CUu1yTNxxRjsO2GOJUbJFsWd21pYmFi');
INSERT INTO `user` VALUES ('594', '201611106032', '$2a$10$NmtmORbN/ATToou17gvjl.CUu1yTNxxRjsO2GOJUbJFsWd21pYmFi');
INSERT INTO `user` VALUES ('595', '201611106033', '$2a$10$NmtmORbN/ATToou17gvjl.CUu1yTNxxRjsO2GOJUbJFsWd21pYmFi');
INSERT INTO `user` VALUES ('596', '201611106026', '$2a$10$NmtmORbN/ATToou17gvjl.CUu1yTNxxRjsO2GOJUbJFsWd21pYmFi');
INSERT INTO `user` VALUES ('597', '201611106034', '$2a$10$NmtmORbN/ATToou17gvjl.CUu1yTNxxRjsO2GOJUbJFsWd21pYmFi');
INSERT INTO `user` VALUES ('598', '201611106037', '$2a$10$NmtmORbN/ATToou17gvjl.CUu1yTNxxRjsO2GOJUbJFsWd21pYmFi');
INSERT INTO `user` VALUES ('599', '201611106036', '$2a$10$NmtmORbN/ATToou17gvjl.CUu1yTNxxRjsO2GOJUbJFsWd21pYmFi');
INSERT INTO `user` VALUES ('600', '201611106031', '$2a$10$NmtmORbN/ATToou17gvjl.CUu1yTNxxRjsO2GOJUbJFsWd21pYmFi');
INSERT INTO `user` VALUES ('601', '201611106039', '$2a$10$NmtmORbN/ATToou17gvjl.CUu1yTNxxRjsO2GOJUbJFsWd21pYmFi');
INSERT INTO `user` VALUES ('602', '201611106040', '$2a$10$NmtmORbN/ATToou17gvjl.CUu1yTNxxRjsO2GOJUbJFsWd21pYmFi');
INSERT INTO `user` VALUES ('603', '201611106041', '$2a$10$NmtmORbN/ATToou17gvjl.CUu1yTNxxRjsO2GOJUbJFsWd21pYmFi');
INSERT INTO `user` VALUES ('604', '201611106043', '$2a$10$NmtmORbN/ATToou17gvjl.CUu1yTNxxRjsO2GOJUbJFsWd21pYmFi');
INSERT INTO `user` VALUES ('605', '201611106038', '$2a$10$NmtmORbN/ATToou17gvjl.CUu1yTNxxRjsO2GOJUbJFsWd21pYmFi');
INSERT INTO `user` VALUES ('606', '201611106044', '$2a$10$NmtmORbN/ATToou17gvjl.CUu1yTNxxRjsO2GOJUbJFsWd21pYmFi');
INSERT INTO `user` VALUES ('607', '201611106045', '$2a$10$NmtmORbN/ATToou17gvjl.CUu1yTNxxRjsO2GOJUbJFsWd21pYmFi');
INSERT INTO `user` VALUES ('608', '201611106046', '$2a$10$NmtmORbN/ATToou17gvjl.CUu1yTNxxRjsO2GOJUbJFsWd21pYmFi');
INSERT INTO `user` VALUES ('609', '201611106047', '$2a$10$NmtmORbN/ATToou17gvjl.CUu1yTNxxRjsO2GOJUbJFsWd21pYmFi');
INSERT INTO `user` VALUES ('610', '201611106048', '$2a$10$NmtmORbN/ATToou17gvjl.CUu1yTNxxRjsO2GOJUbJFsWd21pYmFi');
INSERT INTO `user` VALUES ('611', '201611106049', '$2a$10$NmtmORbN/ATToou17gvjl.CUu1yTNxxRjsO2GOJUbJFsWd21pYmFi');
INSERT INTO `user` VALUES ('612', '201611106050', '$2a$10$NmtmORbN/ATToou17gvjl.CUu1yTNxxRjsO2GOJUbJFsWd21pYmFi');
INSERT INTO `user` VALUES ('613', '201611106051', '$2a$10$NmtmORbN/ATToou17gvjl.CUu1yTNxxRjsO2GOJUbJFsWd21pYmFi');
INSERT INTO `user` VALUES ('614', '201611106052', '$2a$10$NmtmORbN/ATToou17gvjl.CUu1yTNxxRjsO2GOJUbJFsWd21pYmFi');
INSERT INTO `user` VALUES ('615', '201611106053', '$2a$10$NmtmORbN/ATToou17gvjl.CUu1yTNxxRjsO2GOJUbJFsWd21pYmFi');
INSERT INTO `user` VALUES ('616', '201611106055', '$2a$10$NmtmORbN/ATToou17gvjl.CUu1yTNxxRjsO2GOJUbJFsWd21pYmFi');
INSERT INTO `user` VALUES ('617', '201611106056', '$2a$10$NmtmORbN/ATToou17gvjl.CUu1yTNxxRjsO2GOJUbJFsWd21pYmFi');
INSERT INTO `user` VALUES ('618', '201611106057', '$2a$10$NmtmORbN/ATToou17gvjl.CUu1yTNxxRjsO2GOJUbJFsWd21pYmFi');
INSERT INTO `user` VALUES ('619', '201611106058', '$2a$10$NmtmORbN/ATToou17gvjl.CUu1yTNxxRjsO2GOJUbJFsWd21pYmFi');
INSERT INTO `user` VALUES ('620', '201611106059', '$2a$10$NmtmORbN/ATToou17gvjl.CUu1yTNxxRjsO2GOJUbJFsWd21pYmFi');
INSERT INTO `user` VALUES ('621', '201611106060', '$2a$10$NmtmORbN/ATToou17gvjl.CUu1yTNxxRjsO2GOJUbJFsWd21pYmFi');
INSERT INTO `user` VALUES ('622', '201611106061', '$2a$10$NmtmORbN/ATToou17gvjl.CUu1yTNxxRjsO2GOJUbJFsWd21pYmFi');
INSERT INTO `user` VALUES ('623', '201611106035', '$2a$10$NmtmORbN/ATToou17gvjl.CUu1yTNxxRjsO2GOJUbJFsWd21pYmFi');
INSERT INTO `user` VALUES ('624', '201611106063', '$2a$10$NmtmORbN/ATToou17gvjl.CUu1yTNxxRjsO2GOJUbJFsWd21pYmFi');
INSERT INTO `user` VALUES ('625', '201611106064', '$2a$10$NmtmORbN/ATToou17gvjl.CUu1yTNxxRjsO2GOJUbJFsWd21pYmFi');
INSERT INTO `user` VALUES ('626', '201611106062', '$2a$10$NmtmORbN/ATToou17gvjl.CUu1yTNxxRjsO2GOJUbJFsWd21pYmFi');
INSERT INTO `user` VALUES ('627', '201611106066', '$2a$10$NmtmORbN/ATToou17gvjl.CUu1yTNxxRjsO2GOJUbJFsWd21pYmFi');
INSERT INTO `user` VALUES ('628', '201611106065', '$2a$10$NmtmORbN/ATToou17gvjl.CUu1yTNxxRjsO2GOJUbJFsWd21pYmFi');
INSERT INTO `user` VALUES ('629', '201611106067', '$2a$10$NmtmORbN/ATToou17gvjl.CUu1yTNxxRjsO2GOJUbJFsWd21pYmFi');
INSERT INTO `user` VALUES ('630', '201611106068', '$2a$10$NmtmORbN/ATToou17gvjl.CUu1yTNxxRjsO2GOJUbJFsWd21pYmFi');
INSERT INTO `user` VALUES ('631', '201611106069', '$2a$10$NmtmORbN/ATToou17gvjl.CUu1yTNxxRjsO2GOJUbJFsWd21pYmFi');
INSERT INTO `user` VALUES ('632', '201611106070', '$2a$10$NmtmORbN/ATToou17gvjl.CUu1yTNxxRjsO2GOJUbJFsWd21pYmFi');
INSERT INTO `user` VALUES ('633', '201611106071', '$2a$10$NmtmORbN/ATToou17gvjl.CUu1yTNxxRjsO2GOJUbJFsWd21pYmFi');
INSERT INTO `user` VALUES ('634', '201611106072', '$2a$10$NmtmORbN/ATToou17gvjl.CUu1yTNxxRjsO2GOJUbJFsWd21pYmFi');
INSERT INTO `user` VALUES ('635', '201611106073', '$2a$10$NmtmORbN/ATToou17gvjl.CUu1yTNxxRjsO2GOJUbJFsWd21pYmFi');
INSERT INTO `user` VALUES ('636', '201611106074', '$2a$10$NmtmORbN/ATToou17gvjl.CUu1yTNxxRjsO2GOJUbJFsWd21pYmFi');
INSERT INTO `user` VALUES ('637', '201611106075', '$2a$10$NmtmORbN/ATToou17gvjl.CUu1yTNxxRjsO2GOJUbJFsWd21pYmFi');
INSERT INTO `user` VALUES ('638', '201611106076', '$2a$10$NmtmORbN/ATToou17gvjl.CUu1yTNxxRjsO2GOJUbJFsWd21pYmFi');
INSERT INTO `user` VALUES ('639', '201611106077', '$2a$10$NmtmORbN/ATToou17gvjl.CUu1yTNxxRjsO2GOJUbJFsWd21pYmFi');
INSERT INTO `user` VALUES ('640', '201611106078', '$2a$10$NmtmORbN/ATToou17gvjl.CUu1yTNxxRjsO2GOJUbJFsWd21pYmFi');
INSERT INTO `user` VALUES ('641', '201611106042', '$2a$10$NmtmORbN/ATToou17gvjl.CUu1yTNxxRjsO2GOJUbJFsWd21pYmFi');
INSERT INTO `user` VALUES ('642', '201611106054', '$2a$10$NmtmORbN/ATToou17gvjl.CUu1yTNxxRjsO2GOJUbJFsWd21pYmFi');
INSERT INTO `user` VALUES ('643', '201611106081', '$2a$10$NmtmORbN/ATToou17gvjl.CUu1yTNxxRjsO2GOJUbJFsWd21pYmFi');
INSERT INTO `user` VALUES ('644', '201611106082', '$2a$10$NmtmORbN/ATToou17gvjl.CUu1yTNxxRjsO2GOJUbJFsWd21pYmFi');
INSERT INTO `user` VALUES ('645', '201611106079', '$2a$10$NmtmORbN/ATToou17gvjl.CUu1yTNxxRjsO2GOJUbJFsWd21pYmFi');
INSERT INTO `user` VALUES ('646', '201611106084', '$2a$10$NmtmORbN/ATToou17gvjl.CUu1yTNxxRjsO2GOJUbJFsWd21pYmFi');
INSERT INTO `user` VALUES ('647', '201611106085', '$2a$10$NmtmORbN/ATToou17gvjl.CUu1yTNxxRjsO2GOJUbJFsWd21pYmFi');
INSERT INTO `user` VALUES ('648', '201611106080', '$2a$10$NmtmORbN/ATToou17gvjl.CUu1yTNxxRjsO2GOJUbJFsWd21pYmFi');
INSERT INTO `user` VALUES ('649', '201611106086', '$2a$10$NmtmORbN/ATToou17gvjl.CUu1yTNxxRjsO2GOJUbJFsWd21pYmFi');
INSERT INTO `user` VALUES ('650', '201611106088', '$2a$10$NmtmORbN/ATToou17gvjl.CUu1yTNxxRjsO2GOJUbJFsWd21pYmFi');
INSERT INTO `user` VALUES ('651', '201611106090', '$2a$10$NmtmORbN/ATToou17gvjl.CUu1yTNxxRjsO2GOJUbJFsWd21pYmFi');
INSERT INTO `user` VALUES ('652', '201611106087', '$2a$10$NmtmORbN/ATToou17gvjl.CUu1yTNxxRjsO2GOJUbJFsWd21pYmFi');
INSERT INTO `user` VALUES ('653', '201611107001', '$2a$10$NmtmORbN/ATToou17gvjl.CUu1yTNxxRjsO2GOJUbJFsWd21pYmFi');
INSERT INTO `user` VALUES ('654', '201611107002', '$2a$10$NmtmORbN/ATToou17gvjl.CUu1yTNxxRjsO2GOJUbJFsWd21pYmFi');
INSERT INTO `user` VALUES ('655', '201611107004', '$2a$10$NmtmORbN/ATToou17gvjl.CUu1yTNxxRjsO2GOJUbJFsWd21pYmFi');
INSERT INTO `user` VALUES ('656', '201611107005', '$2a$10$NmtmORbN/ATToou17gvjl.CUu1yTNxxRjsO2GOJUbJFsWd21pYmFi');
INSERT INTO `user` VALUES ('657', '201611107006', '$2a$10$NmtmORbN/ATToou17gvjl.CUu1yTNxxRjsO2GOJUbJFsWd21pYmFi');
INSERT INTO `user` VALUES ('658', '201611107007', '$2a$10$NmtmORbN/ATToou17gvjl.CUu1yTNxxRjsO2GOJUbJFsWd21pYmFi');
INSERT INTO `user` VALUES ('659', '201611107009', '$2a$10$NmtmORbN/ATToou17gvjl.CUu1yTNxxRjsO2GOJUbJFsWd21pYmFi');
INSERT INTO `user` VALUES ('660', '201611107008', '$2a$10$NmtmORbN/ATToou17gvjl.CUu1yTNxxRjsO2GOJUbJFsWd21pYmFi');
INSERT INTO `user` VALUES ('661', '201611107010', '$2a$10$NmtmORbN/ATToou17gvjl.CUu1yTNxxRjsO2GOJUbJFsWd21pYmFi');
INSERT INTO `user` VALUES ('662', '201611107011', '$2a$10$NmtmORbN/ATToou17gvjl.CUu1yTNxxRjsO2GOJUbJFsWd21pYmFi');
INSERT INTO `user` VALUES ('663', '201611107012', '$2a$10$NmtmORbN/ATToou17gvjl.CUu1yTNxxRjsO2GOJUbJFsWd21pYmFi');
INSERT INTO `user` VALUES ('664', '201611107013', '$2a$10$NmtmORbN/ATToou17gvjl.CUu1yTNxxRjsO2GOJUbJFsWd21pYmFi');
INSERT INTO `user` VALUES ('665', '201611107014', '$2a$10$NmtmORbN/ATToou17gvjl.CUu1yTNxxRjsO2GOJUbJFsWd21pYmFi');
INSERT INTO `user` VALUES ('666', '201611107015', '$2a$10$NmtmORbN/ATToou17gvjl.CUu1yTNxxRjsO2GOJUbJFsWd21pYmFi');
INSERT INTO `user` VALUES ('667', '201611107016', '$2a$10$NmtmORbN/ATToou17gvjl.CUu1yTNxxRjsO2GOJUbJFsWd21pYmFi');
INSERT INTO `user` VALUES ('668', '201611107017', '$2a$10$NmtmORbN/ATToou17gvjl.CUu1yTNxxRjsO2GOJUbJFsWd21pYmFi');
INSERT INTO `user` VALUES ('669', '201611107018', '$2a$10$NmtmORbN/ATToou17gvjl.CUu1yTNxxRjsO2GOJUbJFsWd21pYmFi');
INSERT INTO `user` VALUES ('670', '201611107019', '$2a$10$NmtmORbN/ATToou17gvjl.CUu1yTNxxRjsO2GOJUbJFsWd21pYmFi');
INSERT INTO `user` VALUES ('671', '201611107020', '$2a$10$NmtmORbN/ATToou17gvjl.CUu1yTNxxRjsO2GOJUbJFsWd21pYmFi');
INSERT INTO `user` VALUES ('672', '201611107022', '$2a$10$NmtmORbN/ATToou17gvjl.CUu1yTNxxRjsO2GOJUbJFsWd21pYmFi');
INSERT INTO `user` VALUES ('673', '201611107021', '$2a$10$NmtmORbN/ATToou17gvjl.CUu1yTNxxRjsO2GOJUbJFsWd21pYmFi');
INSERT INTO `user` VALUES ('674', '201611107023', '$2a$10$NmtmORbN/ATToou17gvjl.CUu1yTNxxRjsO2GOJUbJFsWd21pYmFi');
INSERT INTO `user` VALUES ('675', '201611107024', '$2a$10$NmtmORbN/ATToou17gvjl.CUu1yTNxxRjsO2GOJUbJFsWd21pYmFi');
INSERT INTO `user` VALUES ('676', '201611107025', '$2a$10$NmtmORbN/ATToou17gvjl.CUu1yTNxxRjsO2GOJUbJFsWd21pYmFi');
INSERT INTO `user` VALUES ('677', '201611107026', '$2a$10$NmtmORbN/ATToou17gvjl.CUu1yTNxxRjsO2GOJUbJFsWd21pYmFi');
INSERT INTO `user` VALUES ('678', '201611107027', '$2a$10$NmtmORbN/ATToou17gvjl.CUu1yTNxxRjsO2GOJUbJFsWd21pYmFi');
INSERT INTO `user` VALUES ('679', '201611107028', '$2a$10$NmtmORbN/ATToou17gvjl.CUu1yTNxxRjsO2GOJUbJFsWd21pYmFi');
INSERT INTO `user` VALUES ('680', '201611107029', '$2a$10$NmtmORbN/ATToou17gvjl.CUu1yTNxxRjsO2GOJUbJFsWd21pYmFi');
INSERT INTO `user` VALUES ('681', '201611107030', '$2a$10$NmtmORbN/ATToou17gvjl.CUu1yTNxxRjsO2GOJUbJFsWd21pYmFi');
INSERT INTO `user` VALUES ('682', '201611107031', '$2a$10$NmtmORbN/ATToou17gvjl.CUu1yTNxxRjsO2GOJUbJFsWd21pYmFi');
INSERT INTO `user` VALUES ('683', '201611107032', '$2a$10$NmtmORbN/ATToou17gvjl.CUu1yTNxxRjsO2GOJUbJFsWd21pYmFi');
INSERT INTO `user` VALUES ('684', '201611107033', '$2a$10$NmtmORbN/ATToou17gvjl.CUu1yTNxxRjsO2GOJUbJFsWd21pYmFi');
INSERT INTO `user` VALUES ('685', '201611107034', '$2a$10$NmtmORbN/ATToou17gvjl.CUu1yTNxxRjsO2GOJUbJFsWd21pYmFi');
INSERT INTO `user` VALUES ('686', '201611107035', '$2a$10$NmtmORbN/ATToou17gvjl.CUu1yTNxxRjsO2GOJUbJFsWd21pYmFi');
INSERT INTO `user` VALUES ('687', '201611107036', '$2a$10$NmtmORbN/ATToou17gvjl.CUu1yTNxxRjsO2GOJUbJFsWd21pYmFi');
INSERT INTO `user` VALUES ('688', '201611107037', '$2a$10$NmtmORbN/ATToou17gvjl.CUu1yTNxxRjsO2GOJUbJFsWd21pYmFi');
INSERT INTO `user` VALUES ('689', '201611107038', '$2a$10$NmtmORbN/ATToou17gvjl.CUu1yTNxxRjsO2GOJUbJFsWd21pYmFi');
INSERT INTO `user` VALUES ('690', '201611107039', '$2a$10$NmtmORbN/ATToou17gvjl.CUu1yTNxxRjsO2GOJUbJFsWd21pYmFi');
INSERT INTO `user` VALUES ('691', '201611107040', '$2a$10$NmtmORbN/ATToou17gvjl.CUu1yTNxxRjsO2GOJUbJFsWd21pYmFi');
INSERT INTO `user` VALUES ('692', '201611107041', '$2a$10$NmtmORbN/ATToou17gvjl.CUu1yTNxxRjsO2GOJUbJFsWd21pYmFi');
INSERT INTO `user` VALUES ('693', '201611107042', '$2a$10$NmtmORbN/ATToou17gvjl.CUu1yTNxxRjsO2GOJUbJFsWd21pYmFi');
INSERT INTO `user` VALUES ('694', '201611107043', '$2a$10$NmtmORbN/ATToou17gvjl.CUu1yTNxxRjsO2GOJUbJFsWd21pYmFi');
INSERT INTO `user` VALUES ('695', '201611107044', '$2a$10$NmtmORbN/ATToou17gvjl.CUu1yTNxxRjsO2GOJUbJFsWd21pYmFi');
INSERT INTO `user` VALUES ('696', '201611107045', '$2a$10$NmtmORbN/ATToou17gvjl.CUu1yTNxxRjsO2GOJUbJFsWd21pYmFi');
INSERT INTO `user` VALUES ('697', '201611107046', '$2a$10$NmtmORbN/ATToou17gvjl.CUu1yTNxxRjsO2GOJUbJFsWd21pYmFi');
INSERT INTO `user` VALUES ('698', '201611107047', '$2a$10$NmtmORbN/ATToou17gvjl.CUu1yTNxxRjsO2GOJUbJFsWd21pYmFi');
INSERT INTO `user` VALUES ('699', '201611107048', '$2a$10$NmtmORbN/ATToou17gvjl.CUu1yTNxxRjsO2GOJUbJFsWd21pYmFi');
INSERT INTO `user` VALUES ('700', '201611107049', '$2a$10$NmtmORbN/ATToou17gvjl.CUu1yTNxxRjsO2GOJUbJFsWd21pYmFi');
INSERT INTO `user` VALUES ('701', '201611107050', '$2a$10$NmtmORbN/ATToou17gvjl.CUu1yTNxxRjsO2GOJUbJFsWd21pYmFi');
INSERT INTO `user` VALUES ('702', '201611107051', '$2a$10$NmtmORbN/ATToou17gvjl.CUu1yTNxxRjsO2GOJUbJFsWd21pYmFi');
INSERT INTO `user` VALUES ('703', '201611107052', '$2a$10$NmtmORbN/ATToou17gvjl.CUu1yTNxxRjsO2GOJUbJFsWd21pYmFi');
INSERT INTO `user` VALUES ('704', '201611107053', '$2a$10$NmtmORbN/ATToou17gvjl.CUu1yTNxxRjsO2GOJUbJFsWd21pYmFi');
INSERT INTO `user` VALUES ('705', '201611107003', '$2a$10$NmtmORbN/ATToou17gvjl.CUu1yTNxxRjsO2GOJUbJFsWd21pYmFi');
INSERT INTO `user` VALUES ('706', '201611106089', '$2a$10$NmtmORbN/ATToou17gvjl.CUu1yTNxxRjsO2GOJUbJFsWd21pYmFi');
INSERT INTO `user` VALUES ('707', '201611107056', '$2a$10$NmtmORbN/ATToou17gvjl.CUu1yTNxxRjsO2GOJUbJFsWd21pYmFi');
INSERT INTO `user` VALUES ('708', '201611107057', '$2a$10$NmtmORbN/ATToou17gvjl.CUu1yTNxxRjsO2GOJUbJFsWd21pYmFi');
INSERT INTO `user` VALUES ('709', '201611107059', '$2a$10$NmtmORbN/ATToou17gvjl.CUu1yTNxxRjsO2GOJUbJFsWd21pYmFi');
INSERT INTO `user` VALUES ('710', '201611107058', '$2a$10$NmtmORbN/ATToou17gvjl.CUu1yTNxxRjsO2GOJUbJFsWd21pYmFi');
INSERT INTO `user` VALUES ('711', '201611107060', '$2a$10$NmtmORbN/ATToou17gvjl.CUu1yTNxxRjsO2GOJUbJFsWd21pYmFi');
INSERT INTO `user` VALUES ('712', '201611107061', '$2a$10$NmtmORbN/ATToou17gvjl.CUu1yTNxxRjsO2GOJUbJFsWd21pYmFi');
INSERT INTO `user` VALUES ('713', '201611107062', '$2a$10$NmtmORbN/ATToou17gvjl.CUu1yTNxxRjsO2GOJUbJFsWd21pYmFi');
INSERT INTO `user` VALUES ('714', '201611107063', '$2a$10$NmtmORbN/ATToou17gvjl.CUu1yTNxxRjsO2GOJUbJFsWd21pYmFi');
INSERT INTO `user` VALUES ('715', '201611107064', '$2a$10$NmtmORbN/ATToou17gvjl.CUu1yTNxxRjsO2GOJUbJFsWd21pYmFi');
INSERT INTO `user` VALUES ('716', '201611107065', '$2a$10$NmtmORbN/ATToou17gvjl.CUu1yTNxxRjsO2GOJUbJFsWd21pYmFi');
INSERT INTO `user` VALUES ('717', '201611107066', '$2a$10$NmtmORbN/ATToou17gvjl.CUu1yTNxxRjsO2GOJUbJFsWd21pYmFi');
INSERT INTO `user` VALUES ('718', '201611107067', '$2a$10$NmtmORbN/ATToou17gvjl.CUu1yTNxxRjsO2GOJUbJFsWd21pYmFi');
INSERT INTO `user` VALUES ('719', '201611107068', '$2a$10$NmtmORbN/ATToou17gvjl.CUu1yTNxxRjsO2GOJUbJFsWd21pYmFi');
INSERT INTO `user` VALUES ('720', '201611107069', '$2a$10$NmtmORbN/ATToou17gvjl.CUu1yTNxxRjsO2GOJUbJFsWd21pYmFi');
INSERT INTO `user` VALUES ('721', '201611107071', '$2a$10$NmtmORbN/ATToou17gvjl.CUu1yTNxxRjsO2GOJUbJFsWd21pYmFi');
INSERT INTO `user` VALUES ('722', '201611107070', '$2a$10$NmtmORbN/ATToou17gvjl.CUu1yTNxxRjsO2GOJUbJFsWd21pYmFi');
INSERT INTO `user` VALUES ('723', '201611107072', '$2a$10$NmtmORbN/ATToou17gvjl.CUu1yTNxxRjsO2GOJUbJFsWd21pYmFi');
INSERT INTO `user` VALUES ('724', '201611107073', '$2a$10$NmtmORbN/ATToou17gvjl.CUu1yTNxxRjsO2GOJUbJFsWd21pYmFi');
INSERT INTO `user` VALUES ('725', '201611107075', '$2a$10$NmtmORbN/ATToou17gvjl.CUu1yTNxxRjsO2GOJUbJFsWd21pYmFi');
INSERT INTO `user` VALUES ('726', '201611107054', '$2a$10$NmtmORbN/ATToou17gvjl.CUu1yTNxxRjsO2GOJUbJFsWd21pYmFi');
INSERT INTO `user` VALUES ('727', '201611106083', '$2a$10$NmtmORbN/ATToou17gvjl.CUu1yTNxxRjsO2GOJUbJFsWd21pYmFi');
INSERT INTO `user` VALUES ('728', '201611107076', '$2a$10$NmtmORbN/ATToou17gvjl.CUu1yTNxxRjsO2GOJUbJFsWd21pYmFi');
INSERT INTO `user` VALUES ('729', '201611107077', '$2a$10$NmtmORbN/ATToou17gvjl.CUu1yTNxxRjsO2GOJUbJFsWd21pYmFi');
INSERT INTO `user` VALUES ('730', '201611107074', '$2a$10$NmtmORbN/ATToou17gvjl.CUu1yTNxxRjsO2GOJUbJFsWd21pYmFi');
INSERT INTO `user` VALUES ('731', '201611107079', '$2a$10$NmtmORbN/ATToou17gvjl.CUu1yTNxxRjsO2GOJUbJFsWd21pYmFi');
INSERT INTO `user` VALUES ('732', '201611107080', '$2a$10$NmtmORbN/ATToou17gvjl.CUu1yTNxxRjsO2GOJUbJFsWd21pYmFi');
INSERT INTO `user` VALUES ('733', '201611107081', '$2a$10$NmtmORbN/ATToou17gvjl.CUu1yTNxxRjsO2GOJUbJFsWd21pYmFi');
INSERT INTO `user` VALUES ('734', '201611107055', '$2a$10$NmtmORbN/ATToou17gvjl.CUu1yTNxxRjsO2GOJUbJFsWd21pYmFi');
INSERT INTO `user` VALUES ('735', '201611107083', '$2a$10$NmtmORbN/ATToou17gvjl.CUu1yTNxxRjsO2GOJUbJFsWd21pYmFi');
INSERT INTO `user` VALUES ('736', '201611107084', '$2a$10$NmtmORbN/ATToou17gvjl.CUu1yTNxxRjsO2GOJUbJFsWd21pYmFi');
INSERT INTO `user` VALUES ('737', '201611107085', '$2a$10$NmtmORbN/ATToou17gvjl.CUu1yTNxxRjsO2GOJUbJFsWd21pYmFi');
INSERT INTO `user` VALUES ('738', '201611107086', '$2a$10$NmtmORbN/ATToou17gvjl.CUu1yTNxxRjsO2GOJUbJFsWd21pYmFi');
INSERT INTO `user` VALUES ('739', '201611107078', '$2a$10$NmtmORbN/ATToou17gvjl.CUu1yTNxxRjsO2GOJUbJFsWd21pYmFi');
INSERT INTO `user` VALUES ('740', '201611107088', '$2a$10$NmtmORbN/ATToou17gvjl.CUu1yTNxxRjsO2GOJUbJFsWd21pYmFi');
INSERT INTO `user` VALUES ('741', '201611107082', '$2a$10$NmtmORbN/ATToou17gvjl.CUu1yTNxxRjsO2GOJUbJFsWd21pYmFi');
INSERT INTO `user` VALUES ('742', '201611107087', '$2a$10$NmtmORbN/ATToou17gvjl.CUu1yTNxxRjsO2GOJUbJFsWd21pYmFi');
INSERT INTO `user` VALUES ('743', '201611107089', '$2a$10$NmtmORbN/ATToou17gvjl.CUu1yTNxxRjsO2GOJUbJFsWd21pYmFi');
INSERT INTO `user` VALUES ('744', '201611107090', '$2a$10$NmtmORbN/ATToou17gvjl.CUu1yTNxxRjsO2GOJUbJFsWd21pYmFi');
INSERT INTO `user` VALUES ('745', '201611105002', '$2a$10$NmtmORbN/ATToou17gvjl.CUu1yTNxxRjsO2GOJUbJFsWd21pYmFi');
INSERT INTO `user` VALUES ('746', '110041', '$2a$10$NmtmORbN/ATToou17gvjl.CUu1yTNxxRjsO2GOJUbJFsWd21pYmFi');
INSERT INTO `user` VALUES ('747', '110042', '$2a$10$NmtmORbN/ATToou17gvjl.CUu1yTNxxRjsO2GOJUbJFsWd21pYmFi');
INSERT INTO `user` VALUES ('748', '110052', '$2a$10$NmtmORbN/ATToou17gvjl.CUu1yTNxxRjsO2GOJUbJFsWd21pYmFi');
INSERT INTO `user` VALUES ('749', '110043', '$2a$10$NmtmORbN/ATToou17gvjl.CUu1yTNxxRjsO2GOJUbJFsWd21pYmFi');
INSERT INTO `user` VALUES ('750', '110061', '$2a$10$NmtmORbN/ATToou17gvjl.CUu1yTNxxRjsO2GOJUbJFsWd21pYmFi');
INSERT INTO `user` VALUES ('751', '110062', '$2a$10$NmtmORbN/ATToou17gvjl.CUu1yTNxxRjsO2GOJUbJFsWd21pYmFi');
INSERT INTO `user` VALUES ('752', '110063', '$2a$10$NmtmORbN/ATToou17gvjl.CUu1yTNxxRjsO2GOJUbJFsWd21pYmFi');
INSERT INTO `user` VALUES ('753', '110071', '$2a$10$NmtmORbN/ATToou17gvjl.CUu1yTNxxRjsO2GOJUbJFsWd21pYmFi');
INSERT INTO `user` VALUES ('754', '110072', '$2a$10$NmtmORbN/ATToou17gvjl.CUu1yTNxxRjsO2GOJUbJFsWd21pYmFi');
INSERT INTO `user` VALUES ('755', '110051', '$2a$10$NmtmORbN/ATToou17gvjl.CUu1yTNxxRjsO2GOJUbJFsWd21pYmFi');
INSERT INTO `user` VALUES ('756', '110086', '$2a$10$NmtmORbN/ATToou17gvjl.CUu1yTNxxRjsO2GOJUbJFsWd21pYmFi');
INSERT INTO `user` VALUES ('757', '110053', '$2a$10$NmtmORbN/ATToou17gvjl.CUu1yTNxxRjsO2GOJUbJFsWd21pYmFi');
INSERT INTO `user` VALUES ('758', '110073', '$2a$10$NmtmORbN/ATToou17gvjl.CUu1yTNxxRjsO2GOJUbJFsWd21pYmFi');
INSERT INTO `user` VALUES ('759', '110087', '$2a$10$NmtmORbN/ATToou17gvjl.CUu1yTNxxRjsO2GOJUbJFsWd21pYmFi');
INSERT INTO `user` VALUES ('760', '110088', '$2a$10$NmtmORbN/ATToou17gvjl.CUu1yTNxxRjsO2GOJUbJFsWd21pYmFi');

-- ----------------------------
-- Table structure for user_role
-- ----------------------------
DROP TABLE IF EXISTS `user_role`;
CREATE TABLE `user_role` (
  `user_id` int(11) NOT NULL,
  `role_id` int(11) NOT NULL,
  KEY `FKuser_id` (`role_id`),
  KEY `FKrole_id` (`user_id`)
) ENGINE=MyISAM DEFAULT CHARSET=utf8;

-- ----------------------------
-- Records of user_role
-- ----------------------------
INSERT INTO `user_role` VALUES ('1', '1');
INSERT INTO `user_role` VALUES ('2', '2');
INSERT INTO `user_role` VALUES ('3', '2');
INSERT INTO `user_role` VALUES ('386', '6');
INSERT INTO `user_role` VALUES ('387', '6');
INSERT INTO `user_role` VALUES ('388', '6');
INSERT INTO `user_role` VALUES ('389', '6');
INSERT INTO `user_role` VALUES ('390', '6');
INSERT INTO `user_role` VALUES ('391', '6');
INSERT INTO `user_role` VALUES ('392', '6');
INSERT INTO `user_role` VALUES ('393', '6');
INSERT INTO `user_role` VALUES ('394', '6');
INSERT INTO `user_role` VALUES ('395', '6');
INSERT INTO `user_role` VALUES ('396', '6');
INSERT INTO `user_role` VALUES ('397', '6');
INSERT INTO `user_role` VALUES ('398', '6');
INSERT INTO `user_role` VALUES ('399', '6');
INSERT INTO `user_role` VALUES ('400', '6');
INSERT INTO `user_role` VALUES ('401', '6');
INSERT INTO `user_role` VALUES ('402', '6');
INSERT INTO `user_role` VALUES ('403', '6');
INSERT INTO `user_role` VALUES ('404', '6');
INSERT INTO `user_role` VALUES ('405', '6');
INSERT INTO `user_role` VALUES ('406', '6');
INSERT INTO `user_role` VALUES ('407', '6');
INSERT INTO `user_role` VALUES ('408', '6');
INSERT INTO `user_role` VALUES ('409', '6');
INSERT INTO `user_role` VALUES ('410', '6');
INSERT INTO `user_role` VALUES ('411', '6');
INSERT INTO `user_role` VALUES ('412', '6');
INSERT INTO `user_role` VALUES ('413', '6');
INSERT INTO `user_role` VALUES ('414', '6');
INSERT INTO `user_role` VALUES ('415', '6');
INSERT INTO `user_role` VALUES ('416', '6');
INSERT INTO `user_role` VALUES ('417', '6');
INSERT INTO `user_role` VALUES ('418', '6');
INSERT INTO `user_role` VALUES ('419', '6');
INSERT INTO `user_role` VALUES ('420', '6');
INSERT INTO `user_role` VALUES ('421', '6');
INSERT INTO `user_role` VALUES ('422', '6');
INSERT INTO `user_role` VALUES ('423', '6');
INSERT INTO `user_role` VALUES ('424', '6');
INSERT INTO `user_role` VALUES ('425', '6');
INSERT INTO `user_role` VALUES ('426', '6');
INSERT INTO `user_role` VALUES ('427', '6');
INSERT INTO `user_role` VALUES ('428', '6');
INSERT INTO `user_role` VALUES ('429', '6');
INSERT INTO `user_role` VALUES ('430', '6');
INSERT INTO `user_role` VALUES ('431', '6');
INSERT INTO `user_role` VALUES ('432', '6');
INSERT INTO `user_role` VALUES ('433', '6');
INSERT INTO `user_role` VALUES ('434', '6');
INSERT INTO `user_role` VALUES ('435', '6');
INSERT INTO `user_role` VALUES ('436', '6');
INSERT INTO `user_role` VALUES ('437', '6');
INSERT INTO `user_role` VALUES ('438', '6');
INSERT INTO `user_role` VALUES ('439', '6');
INSERT INTO `user_role` VALUES ('440', '6');
INSERT INTO `user_role` VALUES ('441', '6');
INSERT INTO `user_role` VALUES ('442', '6');
INSERT INTO `user_role` VALUES ('443', '6');
INSERT INTO `user_role` VALUES ('444', '6');
INSERT INTO `user_role` VALUES ('445', '6');
INSERT INTO `user_role` VALUES ('446', '6');
INSERT INTO `user_role` VALUES ('447', '6');
INSERT INTO `user_role` VALUES ('448', '6');
INSERT INTO `user_role` VALUES ('449', '6');
INSERT INTO `user_role` VALUES ('450', '6');
INSERT INTO `user_role` VALUES ('451', '6');
INSERT INTO `user_role` VALUES ('452', '6');
INSERT INTO `user_role` VALUES ('453', '6');
INSERT INTO `user_role` VALUES ('454', '6');
INSERT INTO `user_role` VALUES ('455', '6');
INSERT INTO `user_role` VALUES ('456', '6');
INSERT INTO `user_role` VALUES ('457', '6');
INSERT INTO `user_role` VALUES ('458', '6');
INSERT INTO `user_role` VALUES ('459', '6');
INSERT INTO `user_role` VALUES ('460', '6');
INSERT INTO `user_role` VALUES ('461', '6');
INSERT INTO `user_role` VALUES ('462', '6');
INSERT INTO `user_role` VALUES ('463', '6');
INSERT INTO `user_role` VALUES ('464', '6');
INSERT INTO `user_role` VALUES ('465', '6');
INSERT INTO `user_role` VALUES ('466', '6');
INSERT INTO `user_role` VALUES ('467', '6');
INSERT INTO `user_role` VALUES ('468', '6');
INSERT INTO `user_role` VALUES ('469', '6');
INSERT INTO `user_role` VALUES ('470', '6');
INSERT INTO `user_role` VALUES ('471', '6');
INSERT INTO `user_role` VALUES ('472', '6');
INSERT INTO `user_role` VALUES ('473', '6');
INSERT INTO `user_role` VALUES ('474', '6');
INSERT INTO `user_role` VALUES ('475', '6');
INSERT INTO `user_role` VALUES ('476', '6');
INSERT INTO `user_role` VALUES ('477', '6');
INSERT INTO `user_role` VALUES ('478', '6');
INSERT INTO `user_role` VALUES ('479', '6');
INSERT INTO `user_role` VALUES ('480', '6');
INSERT INTO `user_role` VALUES ('481', '6');
INSERT INTO `user_role` VALUES ('482', '6');
INSERT INTO `user_role` VALUES ('483', '6');
INSERT INTO `user_role` VALUES ('484', '6');
INSERT INTO `user_role` VALUES ('485', '6');
INSERT INTO `user_role` VALUES ('486', '6');
INSERT INTO `user_role` VALUES ('487', '6');
INSERT INTO `user_role` VALUES ('488', '6');
INSERT INTO `user_role` VALUES ('489', '6');
INSERT INTO `user_role` VALUES ('490', '6');
INSERT INTO `user_role` VALUES ('491', '6');
INSERT INTO `user_role` VALUES ('492', '6');
INSERT INTO `user_role` VALUES ('493', '6');
INSERT INTO `user_role` VALUES ('494', '6');
INSERT INTO `user_role` VALUES ('495', '6');
INSERT INTO `user_role` VALUES ('496', '6');
INSERT INTO `user_role` VALUES ('497', '6');
INSERT INTO `user_role` VALUES ('498', '6');
INSERT INTO `user_role` VALUES ('499', '6');
INSERT INTO `user_role` VALUES ('500', '6');
INSERT INTO `user_role` VALUES ('501', '6');
INSERT INTO `user_role` VALUES ('502', '6');
INSERT INTO `user_role` VALUES ('503', '6');
INSERT INTO `user_role` VALUES ('504', '6');
INSERT INTO `user_role` VALUES ('505', '6');
INSERT INTO `user_role` VALUES ('506', '6');
INSERT INTO `user_role` VALUES ('507', '6');
INSERT INTO `user_role` VALUES ('508', '6');
INSERT INTO `user_role` VALUES ('509', '6');
INSERT INTO `user_role` VALUES ('510', '6');
INSERT INTO `user_role` VALUES ('511', '6');
INSERT INTO `user_role` VALUES ('512', '6');
INSERT INTO `user_role` VALUES ('513', '6');
INSERT INTO `user_role` VALUES ('514', '6');
INSERT INTO `user_role` VALUES ('515', '6');
INSERT INTO `user_role` VALUES ('516', '6');
INSERT INTO `user_role` VALUES ('517', '6');
INSERT INTO `user_role` VALUES ('518', '6');
INSERT INTO `user_role` VALUES ('519', '6');
INSERT INTO `user_role` VALUES ('520', '6');
INSERT INTO `user_role` VALUES ('521', '6');
INSERT INTO `user_role` VALUES ('522', '6');
INSERT INTO `user_role` VALUES ('523', '6');
INSERT INTO `user_role` VALUES ('524', '6');
INSERT INTO `user_role` VALUES ('525', '6');
INSERT INTO `user_role` VALUES ('526', '6');
INSERT INTO `user_role` VALUES ('527', '6');
INSERT INTO `user_role` VALUES ('528', '6');
INSERT INTO `user_role` VALUES ('529', '6');
INSERT INTO `user_role` VALUES ('530', '6');
INSERT INTO `user_role` VALUES ('531', '6');
INSERT INTO `user_role` VALUES ('532', '6');
INSERT INTO `user_role` VALUES ('533', '6');
INSERT INTO `user_role` VALUES ('534', '6');
INSERT INTO `user_role` VALUES ('535', '6');
INSERT INTO `user_role` VALUES ('536', '6');
INSERT INTO `user_role` VALUES ('537', '6');
INSERT INTO `user_role` VALUES ('538', '6');
INSERT INTO `user_role` VALUES ('539', '6');
INSERT INTO `user_role` VALUES ('540', '6');
INSERT INTO `user_role` VALUES ('541', '6');
INSERT INTO `user_role` VALUES ('542', '6');
INSERT INTO `user_role` VALUES ('543', '6');
INSERT INTO `user_role` VALUES ('544', '6');
INSERT INTO `user_role` VALUES ('545', '6');
INSERT INTO `user_role` VALUES ('546', '6');
INSERT INTO `user_role` VALUES ('547', '6');
INSERT INTO `user_role` VALUES ('548', '6');
INSERT INTO `user_role` VALUES ('549', '6');
INSERT INTO `user_role` VALUES ('550', '6');
INSERT INTO `user_role` VALUES ('551', '6');
INSERT INTO `user_role` VALUES ('552', '6');
INSERT INTO `user_role` VALUES ('553', '6');
INSERT INTO `user_role` VALUES ('554', '6');
INSERT INTO `user_role` VALUES ('555', '6');
INSERT INTO `user_role` VALUES ('556', '6');
INSERT INTO `user_role` VALUES ('557', '6');
INSERT INTO `user_role` VALUES ('558', '6');
INSERT INTO `user_role` VALUES ('559', '6');
INSERT INTO `user_role` VALUES ('560', '6');
INSERT INTO `user_role` VALUES ('561', '6');
INSERT INTO `user_role` VALUES ('562', '6');
INSERT INTO `user_role` VALUES ('563', '6');
INSERT INTO `user_role` VALUES ('564', '6');
INSERT INTO `user_role` VALUES ('565', '6');
INSERT INTO `user_role` VALUES ('566', '6');
INSERT INTO `user_role` VALUES ('567', '6');
INSERT INTO `user_role` VALUES ('568', '6');
INSERT INTO `user_role` VALUES ('569', '6');
INSERT INTO `user_role` VALUES ('570', '6');
INSERT INTO `user_role` VALUES ('571', '6');
INSERT INTO `user_role` VALUES ('572', '6');
INSERT INTO `user_role` VALUES ('573', '6');
INSERT INTO `user_role` VALUES ('574', '6');
INSERT INTO `user_role` VALUES ('575', '6');
INSERT INTO `user_role` VALUES ('576', '6');
INSERT INTO `user_role` VALUES ('577', '6');
INSERT INTO `user_role` VALUES ('578', '6');
INSERT INTO `user_role` VALUES ('579', '6');
INSERT INTO `user_role` VALUES ('580', '6');
INSERT INTO `user_role` VALUES ('581', '6');
INSERT INTO `user_role` VALUES ('582', '6');
INSERT INTO `user_role` VALUES ('583', '6');
INSERT INTO `user_role` VALUES ('584', '6');
INSERT INTO `user_role` VALUES ('585', '6');
INSERT INTO `user_role` VALUES ('586', '6');
INSERT INTO `user_role` VALUES ('587', '6');
INSERT INTO `user_role` VALUES ('588', '6');
INSERT INTO `user_role` VALUES ('589', '6');
INSERT INTO `user_role` VALUES ('590', '6');
INSERT INTO `user_role` VALUES ('591', '6');
INSERT INTO `user_role` VALUES ('592', '6');
INSERT INTO `user_role` VALUES ('593', '6');
INSERT INTO `user_role` VALUES ('594', '6');
INSERT INTO `user_role` VALUES ('595', '6');
INSERT INTO `user_role` VALUES ('596', '6');
INSERT INTO `user_role` VALUES ('597', '6');
INSERT INTO `user_role` VALUES ('598', '6');
INSERT INTO `user_role` VALUES ('599', '6');
INSERT INTO `user_role` VALUES ('600', '6');
INSERT INTO `user_role` VALUES ('601', '6');
INSERT INTO `user_role` VALUES ('602', '6');
INSERT INTO `user_role` VALUES ('603', '6');
INSERT INTO `user_role` VALUES ('604', '6');
INSERT INTO `user_role` VALUES ('605', '6');
INSERT INTO `user_role` VALUES ('606', '6');
INSERT INTO `user_role` VALUES ('607', '6');
INSERT INTO `user_role` VALUES ('608', '6');
INSERT INTO `user_role` VALUES ('609', '6');
INSERT INTO `user_role` VALUES ('610', '6');
INSERT INTO `user_role` VALUES ('611', '6');
INSERT INTO `user_role` VALUES ('612', '6');
INSERT INTO `user_role` VALUES ('613', '6');
INSERT INTO `user_role` VALUES ('614', '6');
INSERT INTO `user_role` VALUES ('615', '6');
INSERT INTO `user_role` VALUES ('616', '6');
INSERT INTO `user_role` VALUES ('617', '6');
INSERT INTO `user_role` VALUES ('618', '6');
INSERT INTO `user_role` VALUES ('619', '6');
INSERT INTO `user_role` VALUES ('620', '6');
INSERT INTO `user_role` VALUES ('621', '6');
INSERT INTO `user_role` VALUES ('622', '6');
INSERT INTO `user_role` VALUES ('623', '6');
INSERT INTO `user_role` VALUES ('624', '6');
INSERT INTO `user_role` VALUES ('625', '6');
INSERT INTO `user_role` VALUES ('626', '6');
INSERT INTO `user_role` VALUES ('627', '6');
INSERT INTO `user_role` VALUES ('628', '6');
INSERT INTO `user_role` VALUES ('629', '6');
INSERT INTO `user_role` VALUES ('630', '6');
INSERT INTO `user_role` VALUES ('631', '6');
INSERT INTO `user_role` VALUES ('632', '6');
INSERT INTO `user_role` VALUES ('633', '6');
INSERT INTO `user_role` VALUES ('634', '6');
INSERT INTO `user_role` VALUES ('635', '6');
INSERT INTO `user_role` VALUES ('636', '6');
INSERT INTO `user_role` VALUES ('637', '6');
INSERT INTO `user_role` VALUES ('638', '6');
INSERT INTO `user_role` VALUES ('639', '6');
INSERT INTO `user_role` VALUES ('640', '6');
INSERT INTO `user_role` VALUES ('641', '6');
INSERT INTO `user_role` VALUES ('642', '6');
INSERT INTO `user_role` VALUES ('643', '6');
INSERT INTO `user_role` VALUES ('644', '6');
INSERT INTO `user_role` VALUES ('645', '6');
INSERT INTO `user_role` VALUES ('646', '6');
INSERT INTO `user_role` VALUES ('647', '6');
INSERT INTO `user_role` VALUES ('648', '6');
INSERT INTO `user_role` VALUES ('649', '6');
INSERT INTO `user_role` VALUES ('650', '6');
INSERT INTO `user_role` VALUES ('651', '6');
INSERT INTO `user_role` VALUES ('652', '6');
INSERT INTO `user_role` VALUES ('653', '6');
INSERT INTO `user_role` VALUES ('654', '6');
INSERT INTO `user_role` VALUES ('655', '6');
INSERT INTO `user_role` VALUES ('656', '6');
INSERT INTO `user_role` VALUES ('657', '6');
INSERT INTO `user_role` VALUES ('658', '6');
INSERT INTO `user_role` VALUES ('659', '6');
INSERT INTO `user_role` VALUES ('660', '6');
INSERT INTO `user_role` VALUES ('661', '6');
INSERT INTO `user_role` VALUES ('662', '6');
INSERT INTO `user_role` VALUES ('663', '6');
INSERT INTO `user_role` VALUES ('664', '6');
INSERT INTO `user_role` VALUES ('665', '6');
INSERT INTO `user_role` VALUES ('666', '6');
INSERT INTO `user_role` VALUES ('667', '6');
INSERT INTO `user_role` VALUES ('668', '6');
INSERT INTO `user_role` VALUES ('669', '6');
INSERT INTO `user_role` VALUES ('670', '6');
INSERT INTO `user_role` VALUES ('671', '6');
INSERT INTO `user_role` VALUES ('672', '6');
INSERT INTO `user_role` VALUES ('673', '6');
INSERT INTO `user_role` VALUES ('674', '6');
INSERT INTO `user_role` VALUES ('675', '6');
INSERT INTO `user_role` VALUES ('676', '6');
INSERT INTO `user_role` VALUES ('677', '6');
INSERT INTO `user_role` VALUES ('678', '6');
INSERT INTO `user_role` VALUES ('679', '6');
INSERT INTO `user_role` VALUES ('680', '6');
INSERT INTO `user_role` VALUES ('681', '6');
INSERT INTO `user_role` VALUES ('682', '6');
INSERT INTO `user_role` VALUES ('683', '6');
INSERT INTO `user_role` VALUES ('684', '6');
INSERT INTO `user_role` VALUES ('685', '6');
INSERT INTO `user_role` VALUES ('686', '6');
INSERT INTO `user_role` VALUES ('687', '6');
INSERT INTO `user_role` VALUES ('688', '6');
INSERT INTO `user_role` VALUES ('689', '6');
INSERT INTO `user_role` VALUES ('690', '6');
INSERT INTO `user_role` VALUES ('691', '6');
INSERT INTO `user_role` VALUES ('692', '6');
INSERT INTO `user_role` VALUES ('693', '6');
INSERT INTO `user_role` VALUES ('694', '6');
INSERT INTO `user_role` VALUES ('695', '6');
INSERT INTO `user_role` VALUES ('696', '6');
INSERT INTO `user_role` VALUES ('697', '6');
INSERT INTO `user_role` VALUES ('698', '6');
INSERT INTO `user_role` VALUES ('699', '6');
INSERT INTO `user_role` VALUES ('700', '6');
INSERT INTO `user_role` VALUES ('701', '6');
INSERT INTO `user_role` VALUES ('702', '6');
INSERT INTO `user_role` VALUES ('703', '6');
INSERT INTO `user_role` VALUES ('704', '6');
INSERT INTO `user_role` VALUES ('705', '6');
INSERT INTO `user_role` VALUES ('706', '6');
INSERT INTO `user_role` VALUES ('707', '6');
INSERT INTO `user_role` VALUES ('708', '6');
INSERT INTO `user_role` VALUES ('709', '6');
INSERT INTO `user_role` VALUES ('710', '6');
INSERT INTO `user_role` VALUES ('711', '6');
INSERT INTO `user_role` VALUES ('712', '6');
INSERT INTO `user_role` VALUES ('713', '6');
INSERT INTO `user_role` VALUES ('714', '6');
INSERT INTO `user_role` VALUES ('715', '6');
INSERT INTO `user_role` VALUES ('716', '6');
INSERT INTO `user_role` VALUES ('717', '6');
INSERT INTO `user_role` VALUES ('718', '6');
INSERT INTO `user_role` VALUES ('719', '6');
INSERT INTO `user_role` VALUES ('720', '6');
INSERT INTO `user_role` VALUES ('721', '6');
INSERT INTO `user_role` VALUES ('722', '6');
INSERT INTO `user_role` VALUES ('723', '6');
INSERT INTO `user_role` VALUES ('724', '6');
INSERT INTO `user_role` VALUES ('725', '6');
INSERT INTO `user_role` VALUES ('726', '6');
INSERT INTO `user_role` VALUES ('727', '6');
INSERT INTO `user_role` VALUES ('728', '6');
INSERT INTO `user_role` VALUES ('729', '6');
INSERT INTO `user_role` VALUES ('730', '6');
INSERT INTO `user_role` VALUES ('731', '6');
INSERT INTO `user_role` VALUES ('732', '6');
INSERT INTO `user_role` VALUES ('733', '6');
INSERT INTO `user_role` VALUES ('734', '6');
INSERT INTO `user_role` VALUES ('735', '6');
INSERT INTO `user_role` VALUES ('736', '6');
INSERT INTO `user_role` VALUES ('737', '6');
INSERT INTO `user_role` VALUES ('738', '6');
INSERT INTO `user_role` VALUES ('739', '6');
INSERT INTO `user_role` VALUES ('740', '6');
INSERT INTO `user_role` VALUES ('741', '6');
INSERT INTO `user_role` VALUES ('742', '6');
INSERT INTO `user_role` VALUES ('743', '6');
INSERT INTO `user_role` VALUES ('744', '6');
INSERT INTO `user_role` VALUES ('745', '6');
INSERT INTO `user_role` VALUES ('746', '5');
INSERT INTO `user_role` VALUES ('747', '5');
INSERT INTO `user_role` VALUES ('748', '5');
INSERT INTO `user_role` VALUES ('749', '5');
INSERT INTO `user_role` VALUES ('750', '5');
INSERT INTO `user_role` VALUES ('751', '5');
INSERT INTO `user_role` VALUES ('752', '5');
INSERT INTO `user_role` VALUES ('753', '5');
INSERT INTO `user_role` VALUES ('754', '5');
INSERT INTO `user_role` VALUES ('755', '5');
INSERT INTO `user_role` VALUES ('756', '4');
INSERT INTO `user_role` VALUES ('757', '5');
INSERT INTO `user_role` VALUES ('758', '5');
INSERT INTO `user_role` VALUES ('759', '4');
INSERT INTO `user_role` VALUES ('760', '4');
